brand_model,year,mileage,price,insurance,gearbox_type,gearbox_health,motor_status,body_status,chassis_status,url
پژو 206 تیپ ۲,۱۳۸۴ - ۲۰۰۵,۱۲۳۴,"۵۷۵,۰۰۰,۰۰۰ تومان",,دنده‌ای,سالم و پلمپ,سالم,رنگ‌شدگی در ۱ ناحیه,سالم و پلمپ,https://divar.ir/v/%DB%B2%DB%B0%DB%B6-%D9%85%D8%AF%D9%84-%DB%B8%DB%B4-%D8%B4%D8%A7%D8%B3%DB%8C-%D9%BE%D9%84%D9%85%D9%BE-%D8%AA%D8%A7%D8%B2%D9%87-%D8%AA%D8%B9%D9%85%DB%8C%D8%B1/gaHN2IL7?tracker_session_id=1cfdfb1c-eaa5-4bd3-af04-1940f815e4dd_gaHN2IL7_N
پژو 206 تیپ ۲,۱۳۹۹ - ۲۰۲۰,۹۴۰۰۰,"۱,۲۰۰,۰۰۰,۰۰۰ تومان",۴ ماه,دنده‌ای,سالم و پلمپ,سالم,سالم و بی‌خط و خش,سالم و پلمپ,https://divar.ir/v/%D9%BE%DA%98%D9%88-206-%D9%85%D8%AF%D9%84-99/gaHdVqXi?tracker_session_id=1cfdfb1c-eaa5-4bd3-af04-1940f815e4dd_gaHdVqXi_N
پژو 206 SD V1,۱۳۸۸ - ۲۰۰۹,۳۶۰۰۰۰,"۸۵۰,۰۰۰,۰۰۰ تومان",۶ ماه,دنده‌ای,سالم و پلمپ,سالم,خط و خش جزیی,سالم و پلمپ,https://divar.ir/v/%D9%BE%DA%98%D9%88-%DB%B2%DB%B0%DB%B6-%D8%A7%D8%B3-%D8%AF%DB%8C-%D9%85%D9%88%D8%AA%D9%88%D8%B1-%D8%A8%D8%B2%D8%B1%DA%AF-v1/gaHpGjP1?tracker_session_id=1cfdfb1c-eaa5-4bd3-af04-1940f815e4dd_gaHpGjP1_N
پژو 206 تیپ ۲,۱۳۸۷ - ۲۰۰۸,۰,"۷۲۰,۰۰۰ تومان",۶ ماه,دنده‌ای,سالم و پلمپ,سالم,رنگ‌شدگی در ۱ ناحیه,ضربه‌خورده,https://divar.ir/v/%DB%B2%DB%B0%DB%B6%D9%85%D8%AF%D9%84-%DB%B8%DB%B7/gaH1FuU0?tracker_session_id=1cfdfb1c-eaa5-4bd3-af04-1940f815e4dd_gaH1FuU0_N
پژو 206 تیپ ۵,۱۳۹۳ - ۲۰۱۴,۱۰۰۰۰۰,"۹۴۰,۰۰۰,۰۰۰ تومان",۱۱ ماه,دنده‌ای,سالم و پلمپ,سالم,رنگ‌شدگی در ۲ ناحیه,سالم و پلمپ,https://divar.ir/v/%D9%BE%DA%98%D9%88206%D9%85%D8%AF%D9%8493%D8%A7%D8%B3-%D8%AF%DB%8C-%D8%AA%DB%8C%D9%BE5-%D9%88-%D9%85%D8%B9%D8%A7%D9%88%D8%B6%D9%87/gaENNZV-?tracker_session_id=1cfdfb1c-eaa5-4bd3-af04-1940f815e4dd_gaENNZV-_N
پژو 206 تیپ ۲,۱۳۹۷ - ۲۰۱۸,۱۸۰۰۰۰,"۱,۰۶۰,۰۰۰,۰۰۰ تومان",۳ ماه,دنده‌ای,سالم و پلمپ,سالم,خط و خش جزیی,سالم و پلمپ,https://divar.ir/v/206%D9%85%D8%AF%D9%8497-%D8%AA%DB%8C%D9%BE-%D8%AF%D9%88tu3/gako0UaV?tracker_session_id=1cfdfb1c-eaa5-4bd3-af04-1940f815e4dd_gako0UaV_N
پژو 206 SD V8,۱۳۹۶ - ۲۰۱۷,۱۹۰۰۰۰,"۱,۲۵۰,۰۰۰,۰۰۰ تومان",,دنده‌ای,سالم و پلمپ,سالم,سالم و بی‌خط و خش,تعیین‌نشده,https://divar.ir/v/%D9%BE%DA%98%D9%88-206/gaHJmYgo?tracker_session_id=1cfdfb1c-eaa5-4bd3-af04-1940f815e4dd_gaHJmYgo_N
پژو 206 تیپ ۳,۱۳۸۳ - ۲۰۰۴,۶۵۰۰۰۰,"۴۹۰,۰۰۰,۰۰۰ تومان",۱۰ ماه,دنده‌ای,تعمیر شده,سالم,تمام‌رنگ,سالم و پلمپ,https://divar.ir/v/206-%D9%85%D8%AF%D9%8483-%D8%AA%DB%8C%D9%BE-3-%D9%85%D8%B9%D8%A7%D9%88%D8%B6%D9%87/gaHBG88Q?tracker_session_id=1cfdfb1c-eaa5-4bd3-af04-1940f815e4dd_gaHBG88Q_N
,۱۳۹۳ - ۲۰۱۴,۱۶۷۰۰۰,,,,,,,,https://divar.ir/v/%D9%81%D8%B1%D9%88%D8%B4%DB%8C/gaHdVcc-?tracker_session_id=1cfdfb1c-eaa5-4bd3-af04-1940f815e4dd_gaHdVcc-_N
پژو 206 تیپ ۶,۱۳۸۹ - ۲۰۱۰,۳۱۰۰۰۰,"۸۶۰,۰۰۰,۰۰۰ تومان",,دنده‌ای,,تعیین‌نشده,دوررنگ,سالم و پلمپ,https://divar.ir/v/206-%D8%AA%DB%8C%D9%BE-6%D9%85%D8%AF%D9%84-1389/gaHR2Ukr?tracker_session_id=1cfdfb1c-eaa5-4bd3-af04-1940f815e4dd_gaHR2Ukr_N
پژو 206 SD V8,۱۳۹۳ - ۲۰۱۴,۲۹۵۰۰۰,"۱,۲۰۰,۰۰۰,۰۰۰ تومان",۱۲ ماه,دنده‌ای,سالم و پلمپ,سالم,سالم و بی‌خط و خش,سالم و پلمپ,https://divar.ir/v/206%D8%A7%D8%B3%D8%AF%DB%8C-%D9%88%DB%8C-8-%D9%85%D8%AF%D9%84-93/gaH5GTRV?tracker_session_id=1cfdfb1c-eaa5-4bd3-af04-1940f815e4dd_gaH5GTRV_N
پژو 206 تیپ ۲,۱۳۸۲ - ۲۰۰۳,۲۴۴۰۰۰,"۶۰۰,۰۰۰,۰۰۰ تومان",۶ ماه,دنده‌ای,سالم و پلمپ,تعیین‌نشده,سالم و بی‌خط و خش,سالم و پلمپ,https://divar.ir/v/%DB%B2%DB%B0%DB%B6-%D8%AA%DB%8C%D9%BE-%DB%B2/gaHNGFHs?tracker_session_id=1cfdfb1c-eaa5-4bd3-af04-1940f815e4dd_gaHNGFHs_N
پژو 206 تیپ ۲,۱۴۰۰ - ۲۰۲۱,۶۱۰۰۰,"۱,۲۰۰,۰۰۰,۰۰۰ تومان",۷ ماه,دنده‌ای,سالم و پلمپ,سالم,سالم و بی‌خط و خش,سالم و پلمپ,https://divar.ir/v/206%DA%A9%D9%85-%DA%A9%D8%A7%D8%B1%DA%A9%D8%B1%D8%AF/gaH115P_?tracker_session_id=1cfdfb1c-eaa5-4bd3-af04-1940f815e4dd_gaH115P__N
پژو 206 تیپ ۲,۱۳۸۲ - ۲۰۰۳,۲۰۱۰۰۰,"۴۶۰,۰۰۰,۰۰۰ تومان",۶ ماه,دنده‌ای,سالم و پلمپ,سالم,دوررنگ,سالم و پلمپ,https://divar.ir/v/%D9%BE%DA%98%D9%88-%DB%B2%DB%B0%DB%B6-%D8%AA%DB%8C%D9%BE-%DB%B2-%D9%85%D8%AF%D9%84-%DB%B8%DB%B2/gaE9sVOw?tracker_session_id=1cfdfb1c-eaa5-4bd3-af04-1940f815e4dd_gaE9sVOw_N
پژو 206 تیپ ۲,۱۳۸۵ - ۲۰۰۶,۳۸۰۰۰۰,"۶۳۰,۰۰۰,۰۰۰ تومان",,دنده‌ای,سالم و پلمپ,سالم,رنگ‌شدگی در ۲ ناحیه,سالم و پلمپ,https://divar.ir/v/%DB%B2%DB%B0%DB%B6-%D9%85%D8%AF%D9%84-%DB%B8%DB%B5-%D8%AF%D9%84%D9%81%DB%8C%D9%86%DB%8C/gaHZFsHK?tracker_session_id=1cfdfb1c-eaa5-4bd3-af04-1940f815e4dd_gaHZFsHK_N
پژو 206 تیپ ۲,۱۳۹۷ - ۲۰۱۸,۱۱۰۰۰۰,"۱,۰۹۰,۰۰۰,۰۰۰ تومان",,دنده‌ای,,تعیین‌نشده,سالم و بی‌خط و خش,تعیین‌نشده,https://divar.ir/v/%D9%BE%DA%98%D9%88-%DB%B2%DB%B0%DB%B6-%D9%85%D8%AF%D9%84-%DB%B9%DB%B7/gaHVWKOZ?tracker_session_id=1cfdfb1c-eaa5-4bd3-af04-1940f815e4dd_gaHVWKOZ_N
پژو 206 تیپ ۲,۱۳۹۹ - ۲۰۲۰,۳۳۰۰۰,"۱,۲۵۰,۰۰۰,۰۰۰ تومان",۳ ماه,دنده‌ای,سالم و پلمپ,سالم,سالم و بی‌خط و خش,سالم و پلمپ,https://divar.ir/v/%D9%BE%DA%98%D9%88-%DB%B2%DB%B0%DB%B6%D8%AA%DB%8C%D9%BE-%DB%B2/gaHVWxPv?tracker_session_id=1cfdfb1c-eaa5-4bd3-af04-1940f815e4dd_gaHVWxPv_N
پژو 206 تیپ ۳,۱۳۸۹ - ۲۰۱۰,۲۹۰۰۰۰,"۸۴۰,۰۰۰,۰۰۰ تومان",,دنده‌ای,سالم و پلمپ,سالم,سالم و بی‌خط و خش,سالم و پلمپ,https://divar.ir/v/%D9%BE%DA%98%D9%88-206/gaH9WdbE?tracker_session_id=1cfdfb1c-eaa5-4bd3-af04-1940f815e4dd_gaH9WdbE_N
پژو 206 تیپ ۲,۱۳۹۰ - ۲۰۱۱,۲۹۶۰۰۰,"۷۴۵,۰۰۰,۰۰۰ تومان",۹ ماه,,,سالم,دوررنگ,سالم و پلمپ,https://divar.ir/v/%D9%BE%DA%98%D9%88-%DB%B2%DB%B0%DB%B6-%D8%AA%DB%8C%D9%BE-%DB%B2/gaMMQMzg?tracker_session_id=1cfdfb1c-eaa5-4bd3-af04-1940f815e4dd_gaMMQMzg_N
پژو 206 تیپ ۳,۱۳۹۸ - ۲۰۱۹,۱۲۰۰۰۰,"۱,۲۰۰,۰۰۰,۰۰۰ تومان",۸ ماه,دنده‌ای,سالم و پلمپ,سالم,خط و خش جزیی,سالم و پلمپ,https://divar.ir/v/206-%D8%AA%DB%8C%D9%BE-3/gaHh25mS?tracker_session_id=1cfdfb1c-eaa5-4bd3-af04-1940f815e4dd_gaHh25mS_N
پژو 206 تیپ ۲,۱۴۰۰ - ۲۰۲۱,۵۰۰۰۰,"۱,۱۵۰,۰۰۰,۰۰۰ تومان",۵ ماه,دنده‌ای,سالم و پلمپ,سالم,دوررنگ,سالم و پلمپ,https://divar.ir/v/%DB%B2%DB%B0%DB%B6%D8%AA%DB%8C%D9%BE%DB%B2%D9%85%D8%AF%D9%84%DB%B1%DB%B4%DB%B0%DB%B0/gaDtL_OQ?tracker_session_id=1cfdfb1c-eaa5-4bd3-af04-1940f815e4dd_gaDtL_OQ_N
پژو 206 تیپ ۲,۱۴۰۱ - ۲۰۲۲,۵۱۰۰۰,"۱,۳۰۰,۰۰۰,۰۰۰ تومان",۱ ماه,دنده‌ای,سالم و پلمپ,سالم,رنگ‌شدگی در ۱ ناحیه,سالم و پلمپ,https://divar.ir/v/%DB%B2%DB%B0%DB%B6-%D8%B3%D9%81%DB%8C%D8%AF-%D9%85%D8%AF%D9%84-%DB%B1%DB%B4%DB%B0%DB%B1-%D9%86%D9%88/gaCNU-C3?tracker_session_id=1cfdfb1c-eaa5-4bd3-af04-1940f815e4dd_gaCNU-C3_N
پژو 206 SD V20,۱۳۹۰ - ۲۰۱۱,۱۵۳۶۰۰,"۹۲۰,۰۰۰,۰۰۰ تومان",۱۱ ماه,دنده‌ای,سالم و پلمپ,سالم,سالم و بی‌خط و خش,سالم و پلمپ,https://divar.ir/v/206-sd-%D9%85%D8%AF%D9%84-90/gaHZGu8l?tracker_session_id=1cfdfb1c-eaa5-4bd3-af04-1940f815e4dd_gaHZGu8l_N
پژو 206 تیپ ۲,۱۴۰۰ - ۲۰۲۱,۱۴۰۰۰۰,"۱,۱۵۰,۰۰۰,۰۰۰ تومان",۸ ماه,دنده‌ای,سالم و پلمپ,سالم,سالم و بی‌خط و خش,سالم و پلمپ,https://divar.ir/v/%D9%BE%DA%98%D9%88-%DB%B2%DB%B0%DB%B6-%D8%AA%DB%8C%D9%BE-%DB%B2-%D9%85%D8%AF%D9%84-%DB%B1%DB%B4%DB%B0%DB%B0/gaeQs-3I?tracker_session_id=1cfdfb1c-eaa5-4bd3-af04-1940f815e4dd_gaeQs-3I_N
پژو 206 تیپ ۲,۱۳۸۱ - ۲۰۰۲,۳۲۸۰۵۶,"۴۷۰,۰۰۰,۰۰۰ تومان",۵ ماه,دنده‌ای,سالم و پلمپ,سالم,دوررنگ,سالم و پلمپ,https://divar.ir/v/%D9%81%D8%B1%D9%88%D8%B4-%D9%86%D9%82%D8%AF-%D9%88-%D8%A7%D9%82%D8%B3%D8%A7%D8%B7-%DB%B2%DB%B0%DB%B6-%D9%85%D8%B4%DA%A9%DB%8C/gakYAyRT?tracker_session_id=1cfdfb1c-eaa5-4bd3-af04-1940f815e4dd_gakYAyRT_N
پژو 206 تیپ ۳ پانوراما,۱۴۰۱ - ۲۰۲۲,۳۵۰۰۰,"۱,۵۵۰,۰۰۰,۰۰۰ تومان",۴ ماه,دنده‌ای,سالم و پلمپ,سالم,سالم و بی‌خط و خش,سالم و پلمپ,https://divar.ir/v/206-%D8%AA%DB%8C%D9%BE-3/gaHtgbH7?tracker_session_id=1cfdfb1c-eaa5-4bd3-af04-1940f815e4dd_gaHtgbH7_N
پژو 206 تیپ ۳,۱۳۹۶ - ۲۰۱۷,۱۹۰۰۰۰,"۹,۳۰۰,۰۰۰,۰۰۰ تومان",۶ ماه,دنده‌ای,,سالم,سالم و بی‌خط و خش,سالم و پلمپ,https://divar.ir/v/206%D9%85%D8%AF%D9%84-96/gaHdnL6Q?tracker_session_id=1cfdfb1c-eaa5-4bd3-af04-1940f815e4dd_gaHdnL6Q_N
پژو 206 SD V1,۱۳۸۶ - ۲۰۰۷,۲۴۰۰۰۰,"۷۶۰,۰۰۰,۰۰۰ تومان",۵ ماه,دنده‌ای,سالم و پلمپ,سالم,خط و خش جزیی,سالم و پلمپ,https://divar.ir/v/%DB%B2%DB%B0%DB%B6-sd-%D9%85%D9%88%D8%AA%D9%88%D8%B1-%D8%AA%DB%8C%D9%BE-%DB%B5%DA%A9%D8%A7%D8%B1-%DA%A9%D8%B1%D8%AF-%DB%B2%DB%B4%DB%B0-%D9%87%D8%B2%D8%A7%D8%B1/gaEVcpHV?tracker_session_id=1cfdfb1c-eaa5-4bd3-af04-1940f815e4dd_gaEVcpHV_N
پژو 206 تیپ ۲,۱۳۹۰ - ۲۰۱۱,۱۹۶۰۰۰,"۷۱۴,۰۰۰,۰۰۰ تومان",۶ ماه,دنده‌ای,سالم و پلمپ,سالم,دوررنگ,ضربه‌خورده,https://divar.ir/v/206%D8%AA%DB%8C%D9%BE-2/gaCBzxy1?tracker_session_id=1cfdfb1c-eaa5-4bd3-af04-1940f815e4dd_gaCBzxy1_N
پژو 206 تیپ ۲,۱۳۸۶ - ۲۰۰۷,۲۳۸۷۹۶,"۵۸۰,۰۰۰,۰۰۰ تومان",۱۰ ماه,دنده‌ای,سالم و پلمپ,سالم,دوررنگ,سالم و پلمپ,https://divar.ir/v/%DB%B2%DB%B0%DB%B6-%D9%86%D9%88%DA%A9-%D9%85%D8%AF%D8%A7%D8%AF%DB%8C-%DB%B8%DB%B6/gaHNXq-u?tracker_session_id=1cfdfb1c-eaa5-4bd3-af04-1940f815e4dd_gaHNXq-u_N
پژو 206 تیپ ۲,۱۳۸۸ - ۲۰۰۹,۱۴۷۰۰۰,"۸۵۶,۰۰۰,۰۰۰ تومان",۵ ماه,دنده‌ای,سالم و پلمپ,سالم,رنگ‌شدگی در ۱ ناحیه,سالم و پلمپ,https://divar.ir/v/%D9%81%D8%B1%D9%88%D8%B4-206-%D8%AA%DB%8C%D8%A8-2-%D9%85%D8%AF%D9%84-88-%D9%81%D8%B1%D8%A7%D9%86%D8%B3%D9%88%DB%8C/gaHBn-JU?tracker_session_id=1cfdfb1c-eaa5-4bd3-af04-1940f815e4dd_gaHBn-JU_N
پژو 206 SD V8,۱۳۹۵ - ۲۰۱۶,۲۱۸۰۰۰,"۱,۱۵۰,۰۰۰,۰۰۰ تومان",۷ ماه,دنده‌ای,سالم و پلمپ,سالم,سالم و بی‌خط و خش,سالم و پلمپ,https://divar.ir/v/%D9%BE%DA%98%D9%88-%DB%B2%DB%B0%DB%B6-%D8%A7%D8%B3-%D8%AF%DB%8C-%D9%88%DB%8C%DB%B8/gaHtmy3R?tracker_session_id=1cfdfb1c-eaa5-4bd3-af04-1940f815e4dd_gaHtmy3R_N
پژو 206 SD V8,۱۳۹۴ - ۲۰۱۵,۱۹۷۰۰۰,"۱,۱۲۰,۰۰۰,۰۰۰ تومان",۷ ماه,دنده‌ای,سالم و پلمپ,سالم,سالم و بی‌خط و خش,سالم و پلمپ,https://divar.ir/v/sd%DB%B9%DB%B4%D8%A8%D8%AF%D9%88%D9%86-%D8%B1%D9%86%DA%AF-%DA%A9%D8%A7%D8%B1%D9%85%D9%86%D8%AF%DB%8C-%D9%81%D8%B1%D9%88%D8%B4-%D9%81%D9%88%D8%B1%DB%8C/ga_o69Rm?tracker_session_id=1cfdfb1c-eaa5-4bd3-af04-1940f815e4dd_ga_o69Rm_N
پژو 206 SD V9,۱۳۸۷ - ۲۰۰۸,۲۴۰۰۰۰,"۱,۰۵۰,۰۰۰,۰۰۰ تومان",۵ ماه,اتوماتیک,سالم و پلمپ,سالم,سالم و بی‌خط و خش,سالم و پلمپ,https://divar.ir/v/206-sd-%D8%A7%D8%AA%D9%88%D9%85%D8%A7%D8%AA-%D9%85%D8%AF%D9%84-%DB%B8%DB%B7/gaHtligs?tracker_session_id=1cfdfb1c-eaa5-4bd3-af04-1940f815e4dd_gaHtligs_N
پژو 206 تیپ ۲,۱۳۸۳ - ۲۰۰۴,۱۹۸۰۰۰,"۵۳۸,۰۰۰,۰۰۰ تومان",۸ ماه,دنده‌ای,سالم و پلمپ,سالم,رنگ‌شدگی در ۲ ناحیه,سالم و پلمپ,https://divar.ir/v/%D9%BE%DA%98%D9%88-%DB%B2%DB%B0%DB%B6-%D8%AA%DB%8C%D9%BE-%DB%B2-%D9%85%D8%AF%D9%84-%DB%B8%DB%B3-%D8%B4%D8%A7%D8%B3%DB%8C-%D8%B3%D8%A7%D9%84%D9%85-%DA%A9%D9%85-%DA%A9%D8%A7%D8%B1%DA%A9%D8%B1%D8%AF/gaHNnV2u?tracker_session_id=1cfdfb1c-eaa5-4bd3-af04-1940f815e4dd_gaHNnV2u_N
پژو 206 تیپ ۳,۱۳۹۵ - ۲۰۱۶,۱۷۱۰۰۰,"۱,۰۸۰,۰۰۰,۰۰۰ تومان",۲ ماه,دنده‌ای,سالم و پلمپ,سالم,رنگ‌شدگی در ۲ ناحیه,سالم و پلمپ,https://divar.ir/v/206-%D8%AA%DB%8C%D9%BE-3-95/gaHZXfWC?tracker_session_id=1cfdfb1c-eaa5-4bd3-af04-1940f815e4dd_gaHZXfWC_N
پژو 206 تیپ ۲,۱۳۹۴ - ۲۰۱۵,۲۱۲۰۰۰,"۸۸۸,۰۰۰,۰۰۰ تومان",۶ ماه,دنده‌ای,سالم و پلمپ,سالم,رنگ‌شدگی در ۱ ناحیه,سالم و پلمپ,https://divar.ir/v/%DB%B2%DB%B0%DB%B6-%D8%AA%DB%8C%D9%BE-%DB%B2-%D9%85%D8%AF%D9%84%DB%B9%DB%B4/gaGFO7fW?tracker_session_id=1cfdfb1c-eaa5-4bd3-af04-1940f815e4dd_gaGFO7fW_N
پژو 206 تیپ ۲,۱۳۸۸ - ۲۰۰۹,۲۴۷,"۷۱۰,۰۰۰,۰۰۰ تومان",۱۰ ماه,دنده‌ای,سالم و پلمپ,سالم,خط و خش جزیی,سالم و پلمپ,https://divar.ir/v/206-%D9%85%D8%AF%D9%84-88-%D8%AA%DB%8C%D9%BE2-%DB%8C%D9%87-%D9%84%DA%A9%D9%87-%D8%B1%D9%86%DA%AF/gaExr5NN?tracker_session_id=1cfdfb1c-eaa5-4bd3-af04-1940f815e4dd_gaExr5NN_N
پژو 206 SD V8,۱۳۹۴ - ۲۰۱۵,۱۹۰۰۰۰,"۱,۲۲۰,۰۰۰,۰۰۰ تومان",۷ ماه,دنده‌ای,سالم و پلمپ,سالم,خط و خش جزیی,سالم و پلمپ,https://divar.ir/v/%D9%BE%DA%98%D9%88-%DB%B2%DB%B0%DB%B6-%D8%A7%D8%B3-%D8%AF%DB%8C-%D8%AF%D8%B1%DB%8C%DA%86%D9%87-%D8%B3%DB%8C%D9%85%DB%8C-%D8%B1%D8%AE-%D8%AF%D8%B1-%D8%AD%D8%AF-%DB%B1%DB%B4%DB%B0%DB%B0/gayo1WSe?tracker_session_id=1cfdfb1c-eaa5-4bd3-af04-1940f815e4dd_gayo1WSe_N
پژو 206 تیپ ۳,۱۳۹۸ - ۲۰۱۹,۶۲۰۰۰,"۱,۳۰۰,۰۰۰,۰۰۰ تومان",۸ ماه,دنده‌ای,سالم و پلمپ,سالم,سالم و بی‌خط و خش,سالم و پلمپ,https://divar.ir/v/%DB%B2%DB%B0%DB%B6-%D8%AE%D8%A7%D9%86%DA%AF%DB%8C-%D8%A8%D8%B3%DB%8C%D8%A7%D8%B1-%D8%AA%D9%85%DB%8C%D8%B2-%D8%AA%DB%8C%D9%BE-%DB%B3/gaRA7tbJ?tracker_session_id=1cfdfb1c-eaa5-4bd3-af04-1940f815e4dd_gaRA7tbJ_N
پژو 206 تیپ ۵,۱۳۹۷ - ۲۰۱۸,۱۶۱۰۰۰,"۱۲,۶۰۰,۰۰۰,۰۰۰ تومان",,دنده‌ای,سالم و پلمپ,سالم,سالم و بی‌خط و خش,سالم و پلمپ,https://divar.ir/v/%DB%B2%DB%B0%DB%B6-%D9%85%D8%AF%D9%84-%DB%B9%DB%B7-%D8%AA%DB%8C%D9%BE-%DB%B5/gavs93Uu?tracker_session_id=1cfdfb1c-eaa5-4bd3-af04-1940f815e4dd_gavs93Uu_N
پژو 206 SD V8,۱۳۸۸ - ۲۰۰۹,۱۷۵۰۰۰,"۸۷۰,۰۰۰,۰۰۰ تومان",,دنده‌ای,سالم و پلمپ,سالم,رنگ‌شدگی در ۱ ناحیه,سالم و پلمپ,https://divar.ir/v/206sd%D9%85%D8%AF%D9%8488%D8%B3%D9%86%D8%AF%D8%AA%DA%A9-%D8%A8%D8%B1%DA%AF-%DA%A9%D9%85-%DA%A9%D8%A7%D8%B1-%D8%A7%D8%B3%D8%AA%D8%AB%D9%86%D8%A7%DB%8C%DB%8C-%D8%AF%D8%B1%D8%AD%D8%AF%D8%B5%D9%81%D8%B1-%D8%B3%D9%81%D8%A7%D8%B1%D8%B4%DB%8C/gaChLg38?tracker_session_id=1cfdfb1c-eaa5-4bd3-af04-1940f815e4dd_gaChLg38_N
پژو 206 SD V1,۱۳۸۶ - ۲۰۰۷,۳۳۰۰۰۰,"۷۰۰,۰۰۰,۰۰۰ تومان",۸ ماه,دنده‌ای,سالم و پلمپ,سالم,رنگ‌شدگی در ۲ ناحیه,سالم و پلمپ,https://divar.ir/v/%D8%A7%D8%B3-%D8%AF%DB%8C-sd-%D8%AA%DB%8C%D9%88%D9%81%D8%A7%DB%8C%D9%88-%D9%85%D8%AF%D9%84-%DB%B8%DB%B6/gaCZmFf9?tracker_session_id=1cfdfb1c-eaa5-4bd3-af04-1940f815e4dd_gaCZmFf9_N
پژو 206 تیپ ۲,۱۳۹۹ - ۲۰۲۰,۱۷۰۰۰۰,"۱,۱۷۰,۰۰۰,۰۰۰ تومان",۹ ماه,دنده‌ای,سالم و پلمپ,سالم,سالم و بی‌خط و خش,سالم و پلمپ,https://divar.ir/v/%DB%B2%DB%B0%DB%B6-%D8%AA%DB%8C%D9%BE-%DB%B2-%D9%85%D8%AF%D9%84-%DB%B9%DB%B9/gaHBmopa?tracker_session_id=1cfdfb1c-eaa5-4bd3-af04-1940f815e4dd_gaHBmopa_N
پژو 206 تیپ ۶,۱۳۸۸ - ۲۰۰۹,۱۹۸۰۰۰,"۹۳۰,۰۰۰,۰۰۰ تومان",۷ ماه,اتوماتیک,تعمیر شده,سالم,دوررنگ,تعیین‌نشده,https://divar.ir/v/%D9%BE%DA%98%D9%88-%DB%B2%DB%B0%DB%B6-%D8%AA%DB%8C%D9%BE-%DB%B6-%D8%A7%D8%AA%D9%88%D9%85%D8%A7%D8%AA%DB%8C%DA%A9-%D9%85%D8%AF%D9%84-%DB%B1%DB%B3%DB%B8%DB%B8/gaHtWy-p?tracker_session_id=1cfdfb1c-eaa5-4bd3-af04-1940f815e4dd_gaHtWy-p_N
پژو 206 تیپ ۵,۱۳۸۵ - ۲۰۰۶,۲۹۳۰۰۰,"۸۷۰,۰۰۰,۰۰۰ تومان",۶ ماه,اتوماتیک,سالم و پلمپ,سالم,سالم و بی‌خط و خش,سالم و پلمپ,https://divar.ir/v/%D9%BE%DA%98%D9%88-206/gaHpVOSR?tracker_session_id=1cfdfb1c-eaa5-4bd3-af04-1940f815e4dd_gaHpVOSR_N
پژو 206 تیپ ۲,۱۳۸۶ - ۲۰۰۷,۲۵۶۰۰۰,"۷۰۰,۰۰۰,۰۰۰ تومان",۵ ماه,دنده‌ای,سالم و پلمپ,سالم,تمام‌رنگ,سالم و پلمپ,https://divar.ir/v/%D9%81%D8%B1%D9%88%D8%B4-206-%D8%AA%DB%8C%D9%BE-2/gaHNX6P8?tracker_session_id=1cfdfb1c-eaa5-4bd3-af04-1940f815e4dd_gaHNX6P8_N
پژو 206 تیپ ۵,۱۳۹۶ - ۲۰۱۷,۱۵۰۰۰۰,"۱,۰۷۰,۰۰۰,۰۰۰ تومان",۹ ماه,دنده‌ای,سالم و پلمپ,سالم,سالم و بی‌خط و خش,ضربه‌خورده,https://divar.ir/v/%DB%B2%DB%B0%DB%B6%D8%AA%DB%8C%D9%BE-%DB%B5-%D8%AA%D9%85%DB%8C%D8%B2/gaDFoizh?tracker_session_id=1cfdfb1c-eaa5-4bd3-af04-1940f815e4dd_gaDFoizh_N
پژو 206 تیپ ۲,۱۳۹۶ - ۲۰۱۷,۱۳۲۰۰۰,"۱,۰۸۵,۰۰۰,۰۰۰ تومان",۹ ماه,دنده‌ای,سالم و پلمپ,سالم,سالم و بی‌خط و خش,سالم و پلمپ,https://divar.ir/v/%D9%BE%DA%98%D9%88-%DB%B2%DB%B0%DB%B6-%D9%85%D8%AF%D9%84-%DB%B9%DB%B6-%D9%81%D9%88%D9%84-%D8%A8%DB%8C%D8%B1%D9%86%DA%AF-%D8%AF%D8%B1%D8%AD%D8%AF-%D9%86%D9%88-%D9%85%D8%B4%D8%A7%D8%A8%D9%87-%D9%85%D8%AF%D9%84-%DB%B4%DB%B0%DB%B0/gaHJmzSJ?tracker_session_id=1cfdfb1c-eaa5-4bd3-af04-1940f815e4dd_gaHJmzSJ_N
پژو 206 تیپ ۲,۱۳۸۵ - ۲۰۰۶,۳۸۰۰۰۰,"۵۴۵,۰۰۰,۰۰۰ تومان",۱۰ ماه,دنده‌ای,سالم و پلمپ,سالم,دوررنگ,سالم و پلمپ,https://divar.ir/v/206-%D9%85%D8%AF%D9%84-85-%D8%A8%D8%A7%D9%84%D8%A7-%D9%88-%D9%BE%D8%A7%DB%8C%DB%8C%D9%86-%D9%85%D9%88%D8%AA%D9%88%D8%B1-%D8%AA%D8%B9%D9%85%DB%8C%D8%B1-%DA%A9%D8%A7%D9%85%D9%84/galQKv1G?tracker_session_id=1cfdfb1c-eaa5-4bd3-af04-1940f815e4dd_galQKv1G_N
پژو 206 تیپ ۲,۱۳۹۴ - ۲۰۱۵,۱۱۸۰۰۰,"۱,۰۳۰,۰۰۰,۰۰۰ تومان",۸ ماه,دنده‌ای,,سالم,سالم و بی‌خط و خش,سالم و پلمپ,https://divar.ir/v/%DB%B2%DB%B0%DB%B6-%D9%85%D8%AF%D9%84-%DB%B9%DB%B4-%DA%A9%D9%85-%DA%A9%D8%A7%D8%B1-%D8%AF%D8%B1-%D8%AD%D8%AF-%D8%B5%D9%81%D8%B1/garoN3gW?tracker_session_id=1cfdfb1c-eaa5-4bd3-af04-1940f815e4dd_garoN3gW_N
,,,,,,,,,,https://divar.ir/v/%DB%B2%DB%B0%DB%B6-%D9%81%D8%B1%D8%A7%D9%86%D8%B3%D9%88%DB%8C-%D8%A8%D8%AF%D9%88%D9%86-%D8%B6%D8%B1%D8%A8%D9%87/gaHJHJoS?tracker_session_id=1cfdfb1c-eaa5-4bd3-af04-1940f815e4dd_gaHJHJoS_N
پژو 206 تیپ ۲,۱۳۸۶ - ۲۰۰۷,۳۰۰۰۰۰,"۵۶۰,۰۰۰,۰۰۰ تومان",۷ ماه,دنده‌ای,سالم و پلمپ,سالم,دوررنگ,سالم و پلمپ,https://divar.ir/v/%DB%B2%DB%B0%DB%B6-%D8%AA%DB%8C%D9%BE-%DB%B2/gaBF2540?tracker_session_id=1cfdfb1c-eaa5-4bd3-af04-1940f815e4dd_gaBF2540_N
پژو 206 تیپ ۵,۱۳۹۸ - ۲۰۱۹,۹۸۰۰۰,"۱,۲۹۰,۰۰۰,۰۰۰ تومان",۵ ماه,دنده‌ای,سالم و پلمپ,سالم,سالم و بی‌خط و خش,سالم و پلمپ,https://divar.ir/v/%D9%81%D8%B1%D9%88%D8%B4-%D8%AE%D9%88%D8%AF%D8%B1%D9%88/gaHxlAgY?tracker_session_id=1cfdfb1c-eaa5-4bd3-af04-1940f815e4dd_gaHxlAgY_N
پژو 206 تیپ ۲,۱۳۸۶ - ۲۰۰۷,۴۵۰۰۰۰,"۶۲۰,۰۰۰,۰۰۰ تومان",۵ ماه,دنده‌ای,سالم و پلمپ,سالم,رنگ‌شدگی در ۲ ناحیه,سالم و پلمپ,https://divar.ir/v/%DB%B2%DB%B0%DB%B6-%D9%85%D8%AF%D9%84-%DB%B8%DB%B6/gaHd2WqR?tracker_session_id=1cfdfb1c-eaa5-4bd3-af04-1940f815e4dd_gaHd2WqR_N
پژو 206 تیپ ۲,۱۳۸۵ - ۲۰۰۶,۲۷۴۰۰۰,"۶۲۰,۰۰۰,۰۰۰ تومان",۱۰ ماه,دنده‌ای,سالم و پلمپ,سالم,رنگ‌شدگی در ۱ ناحیه,سالم و پلمپ,https://divar.ir/v/%D9%BE%DA%98%D9%88-%DB%B2%DB%B0%DB%B6-%D9%85%D8%AF%D9%84%DB%B8%DB%B5-%D8%AA%DB%8C%D9%BE%DB%B2/gaH121m8?tracker_session_id=1cfdfb1c-eaa5-4bd3-af04-1940f815e4dd_gaH121m8_N
پژو 206 تیپ ۵,۱۳۹۵ - ۲۰۱۶,۲۲۴۰۰۰,"۱,۲۷۰,۰۰۰,۰۰۰ تومان",۵ ماه,دنده‌ای,سالم و پلمپ,سالم,رنگ‌شدگی در ۱ ناحیه,سالم و پلمپ,https://divar.ir/v/%DB%B2%DB%B0%DB%B6-%D8%AA%DB%8C%D9%BE-%DB%B5-%D9%85%D8%AF%D9%84-%DB%B9%DB%B5/gaHB2HZc?tracker_session_id=1cfdfb1c-eaa5-4bd3-af04-1940f815e4dd_gaHB2HZc_N
پژو 206 تیپ ۲,۱۳۸۱ - ۲۰۰۲,۴۰۰۰۰۰,"۶۰۰,۰۰۰,۰۰۰ تومان",,دنده‌ای,سالم و پلمپ,سالم,رنگ‌شدگی در ۲ ناحیه,سالم و پلمپ,https://divar.ir/v/206-%D9%85%D8%AF%D9%84-%DB%B8%DB%B1/gaHtmSja?tracker_session_id=1cfdfb1c-eaa5-4bd3-af04-1940f815e4dd_gaHtmSja_N
پژو 206 تیپ ۵,۱۳۹۴ - ۲۰۱۵,۱۶۰۰۰۰,"۱,۰۵۰,۰۰۰,۰۰۰ تومان",۱۲ ماه,دنده‌ای,سالم و پلمپ,سالم,سالم و بی‌خط و خش,سالم و پلمپ,https://divar.ir/v/%DB%B2%DB%B0%DB%B6%D8%AA%DB%8C%D9%BE-%DB%B5%D9%81%D9%88%D9%84-%D9%85%D8%AF%D9%84-%DB%B9%DB%B4%DA%86%D8%B1%D8%AE-%D9%87%D8%A7-%D8%AF%DB%8C%D8%B3%DA%A9%DB%8C-%D8%A8%D8%A7-%D9%84%D9%88%D8%A7%D8%B2%D9%85/gaABBZop?tracker_session_id=1cfdfb1c-eaa5-4bd3-af04-1940f815e4dd_gaABBZop_N
پژو 206 SD V1,۱۳۸۹ - ۲۰۱۰,۱۶۰۰۰۰,"۸۶۰,۰۰۰,۰۰۰ تومان",۱ ماه,دنده‌ای,سالم و پلمپ,سالم,سالم و بی‌خط و خش,سالم و پلمپ,https://divar.ir/v/%D9%BE%DA%98%D9%88%DB%B2%DB%B0%DB%B6-%D8%A7%D8%B3-%D8%AF%DB%8C-%D9%85%D9%88%D8%AA%D9%88%D8%B1-%D8%A8%D8%B2%D8%B1%DA%AF%DB%B8%DB%B9-%D8%AA%DB%8C%D9%88%D9%81%D8%A7%DB%8C%D9%88/gaHd2PQ1?tracker_session_id=1cfdfb1c-eaa5-4bd3-af04-1940f815e4dd_gaHd2PQ1_N
پژو 206 تیپ ۲,۱۳۹۱ - ۲۰۱۲,۲۳۰۰۰۰,"۸۲۰,۰۰۰,۰۰۰ تومان",۸ ماه,دنده‌ای,سالم و پلمپ,سالم,رنگ‌شدگی در ۱ ناحیه,سالم و پلمپ,https://divar.ir/v/%DB%B2%DB%B0%DB%B6-%D9%85%D8%AF%D9%84-%DB%B9%DB%B1-%D8%AA%DB%8C%D9%BE%DB%B2-%D8%A7%D8%B3%D8%AA%D8%AB%D9%86%D8%A7%DB%8C%DB%8C/gaFRzS7K?tracker_session_id=1cfdfb1c-eaa5-4bd3-af04-1940f815e4dd_gaFRzS7K_N
پژو 206 تیپ ۲,۱۳۸۳ - ۲۰۰۴,۵۰۰۰۰۰,"۵۱۵,۰۰۰,۰۰۰ تومان",۴ ماه,دنده‌ای,سالم و پلمپ,سالم,دوررنگ,سالم و پلمپ,https://divar.ir/v/206%D9%85%D8%AF%D9%8483-%D8%AA%DB%8C%D9%BE-2%D9%85%D8%B9%D8%A7%D9%88%D8%B6%D9%87-%D9%BE%DB%8C%DA%A9%D8%A7%D9%86-%D9%88%D8%A7%D9%86%D8%AA/gaHR3Z-u?tracker_session_id=1cfdfb1c-eaa5-4bd3-af04-1940f815e4dd_gaHR3Z-u_N
پژو 206 تیپ ۲,۱۳۹۷ - ۲۰۱۸,۱۳۸۰۰۰,"۱۱,۵۰۰,۰۰۰,۰۰۰ تومان",۴ ماه,دنده‌ای,سالم و پلمپ,سالم,سالم و بی‌خط و خش,تعیین‌نشده,https://divar.ir/v/%DB%B2%DB%B0%DB%B6-%D8%AA%DB%8C%D9%BE-%DB%B2/gaHBWIMD?tracker_session_id=1cfdfb1c-eaa5-4bd3-af04-1940f815e4dd_gaHBWIMD_N
پژو 206 تیپ ۲,۱۳۸۳ - ۲۰۰۴,۳۷۰۰۰۰,"۵۵۰,۰۰۰,۰۰۰ تومان",۲ ماه,دنده‌ای,سالم و پلمپ,سالم,سالم و بی‌خط و خش,سالم و پلمپ,https://divar.ir/v/%DB%B2%DB%B0%DB%B6-%D9%85%D8%AF%D9%84-%DB%B8%DB%B3-%D8%AA%DB%8C%D9%BE-%DB%B2/gaHRXv7v?tracker_session_id=1cfdfb1c-eaa5-4bd3-af04-1940f815e4dd_gaHRXv7v_N
پژو 206 تیپ ۳,۱۳۹۸ - ۲۰۱۹,۱۶۰۰۰۰,"۱,۲۳۰,۰۰۰,۰۰۰ تومان",,دنده‌ای,سالم و پلمپ,سالم,سالم و بی‌خط و خش,سالم و پلمپ,https://divar.ir/v/%D8%AA%D8%B9%D9%88%DB%8C%D8%B6-%DB%B2%DB%B0%DB%B6-%D8%A8%D8%A7-%D8%B1%D8%A7%D9%86%D8%A7-%D9%BE%D9%84%D8%A7%D8%B3/gaHpF96o?tracker_session_id=1cfdfb1c-eaa5-4bd3-af04-1940f815e4dd_gaHpF96o_N
پژو 206 تیپ ۵,۱۳۹۴ - ۲۰۱۵,۱۴۴۰۰۰,"۱,۱۶۰,۰۰۰,۰۰۰ تومان",۲ ماه,دنده‌ای,سالم و پلمپ,سالم,سالم و بی‌خط و خش,سالم و پلمپ,https://divar.ir/v/%DB%B1%DB%B0%DB%B6%D8%AA%DB%8C%D9%BE-%DB%B5-%D9%85%D8%AF%D9%84-%DB%B9%DB%B4/gaBVDCtR?tracker_session_id=1cfdfb1c-eaa5-4bd3-af04-1940f815e4dd_gaBVDCtR_N
,,,,,,,,,,https://divar.ir/v/206-sd-v8/gaDF0Btx?tracker_session_id=1cfdfb1c-eaa5-4bd3-af04-1940f815e4dd_gaDF0Btx_N
پژو 206 تیپ ۵,۱۳۹۴ - ۲۰۱۵,۱۹۰۰۰۰,"۱,۲۷۰,۰۰۰,۰۰۰ تومان",۱۰ ماه,دنده‌ای,سالم و پلمپ,سالم,سالم و بی‌خط و خش,سالم و پلمپ,https://divar.ir/v/%D9%BE%DA%98%D9%88-%DB%B2%DB%B0%DB%B6-%D8%AA%DB%8C%D9%BE-%DB%B5-%D9%85%D8%AF%D9%84-%DB%B9%DB%B4-%D8%A8%D8%AF%D9%88%D9%86-%D8%B1%D9%86%DA%AF/gaHtWtPL?tracker_session_id=1cfdfb1c-eaa5-4bd3-af04-1940f815e4dd_gaHtWtPL_N
پژو 206 SD V8,۱۳۹۹ - ۲۰۲۰,۵۴۰۰۰,"۱,۶۵۰,۰۰۰,۰۰۰ تومان",۴ ماه,دنده‌ای,سالم و پلمپ,سالم,خط و خش جزیی,سالم و پلمپ,https://divar.ir/v/206-sd-tu5-%D9%85%D8%AF%D9%84-%DB%B9%DB%B9/gaHdmtvB?tracker_session_id=1cfdfb1c-eaa5-4bd3-af04-1940f815e4dd_gaHdmtvB_N
پژو 206 تیپ ۵,۱۳۹۷ - ۲۰۱۸,۱۳۰۰۰۰,"۱,۳۲۵,۰۰۰,۰۰۰ تومان",۴ ماه,دنده‌ای,سالم و پلمپ,سالم,رنگ‌شدگی در ۱ ناحیه,سالم و پلمپ,https://divar.ir/v/%DB%B2%DB%B0%DB%B6-%D8%AA%DB%8C%D9%BE-%DB%B5-%D9%85%D8%AF%D9%84-%DB%B9%DB%B7/gaHRHR1w?tracker_session_id=1cfdfb1c-eaa5-4bd3-af04-1940f815e4dd_gaHRHR1w_N
,,,,,,,,,,https://divar.ir/v/%D9%BE%DA%98%D9%88-206-%D8%AA%DB%8C%D9%BE2-%D9%85%D8%AF%D9%84-95-%D8%AF%D8%B1-%D8%AD%D8%AF/gaH9VK8P?tracker_session_id=1cfdfb1c-eaa5-4bd3-af04-1940f815e4dd_gaH9VK8P_N
پژو 206 تیپ ۵,۱۳۹۴ - ۲۰۱۵,۳۷۰۰۰۰,"۱,۱۰۰,۰۰۰,۰۰۰ تومان",۱۲ ماه,دنده‌ای,سالم و پلمپ,سالم,خط و خش جزیی,سالم و پلمپ,https://divar.ir/v/%DB%B2%DB%B0%DB%B6-%D8%AA%DB%8C%D9%BE-%DB%B5-%D8%B3%D9%81%DB%8C%D8%AF-%D8%B1%D8%B3%DB%8C%D8%AF%DA%AF%DB%8C-%D8%B4%D8%AF%D9%87-%D8%A7%D8%B1%D8%B2%D8%B4-%D8%AF%DB%8C%D8%AF%D9%86-%D8%AF%D8%A7%D8%B1%D9%87/gaGd3AWU?tracker_session_id=1cfdfb1c-eaa5-4bd3-af04-1940f815e4dd_gaGd3AWU_P
پژو 206 SD V8,۱۳۹۰ - ۲۰۱۱,۱۴۰۰۰۰,"۸۵۰,۰۰۰,۰۰۰ تومان",,دنده‌ای,,سالم,رنگ‌شدگی در ۴ ناحیه,سالم و پلمپ,https://divar.ir/v/%DB%B2%DB%B0%DB%B6-sd-%D9%85%D8%AF%D9%84-%DB%B9%DB%B0/gaH9GThS?tracker_session_id=1cfdfb1c-eaa5-4bd3-af04-1940f815e4dd_gaH9GThS_N
پژو 206 SD V8,۱۳۹۳ - ۲۰۱۴,۱۹۹۰۰۰,"۱,۰۵۰,۰۰۰,۰۰۰,۰۰۰ تومان",۱۰ ماه,دنده‌ای,سالم و پلمپ,سالم,رنگ‌شدگی در ۴ ناحیه,سالم و پلمپ,https://divar.ir/v/%D8%A7%D8%B3-%D8%AF%DB%8C-%D9%85%D8%AF%D9%84-93%D9%88%DB%8C-8%D8%AF%D8%B1%DB%8C%DA%86%D9%87-%D8%B3%DB%8C%D9%85%DB%8C/gaHVnBhW?tracker_session_id=1cfdfb1c-eaa5-4bd3-af04-1940f815e4dd_gaHVnBhW_N
پژو 206 SD V8,۱۳۹۵ - ۲۰۱۶,۲۴۹۰۰۰,"۱,۰۵۰,۰۰۰,۰۰۰ تومان",۶ ماه,دنده‌ای,سالم و پلمپ,سالم,رنگ‌شدگی در ۲ ناحیه,سالم و پلمپ,https://divar.ir/v/206-sdv8-%D9%81%D9%86%DB%8C-%D9%85%D9%88%D8%AA%D9%88%D8%B1%DB%8C-%D8%A8%D9%87-%D8%B4%D8%B1%D8%B7/gaHJ2cVq?tracker_session_id=1cfdfb1c-eaa5-4bd3-af04-1940f815e4dd_gaHJ2cVq_N
پژو 206 تیپ ۳,۱۳۸۱ - ۲۰۰۲,۳۶۴۰۰۰,"۳۹۵,۰۰۰,۰۰۰ تومان",۶ ماه,دنده‌ای,,نیاز به تعمیر,دوررنگ,تعیین‌نشده,https://divar.ir/v/%DB%B2%DB%B0%DB%B6-%D9%85%D8%AF%D9%84-%DB%B8%DB%B1/gaDdbORY?tracker_session_id=1cfdfb1c-eaa5-4bd3-af04-1940f815e4dd_gaDdbORY_N
پژو 206 تیپ ۳,۱۳۸۹ - ۲۰۱۰,۲۱۹۰۰۰,"۸۹۰,۰۰۰,۰۰۰ تومان",۶ ماه,دنده‌ای,سالم و پلمپ,سالم,سالم و بی‌خط و خش,سالم و پلمپ,https://divar.ir/v/%DB%B2%DB%B0%DB%B6-%D9%85%D8%AF%D9%84-%DB%B8%DB%B9/gaHxmP0q?tracker_session_id=1cfdfb1c-eaa5-4bd3-af04-1940f815e4dd_gaHxmP0q_N
پژو 206 تیپ ۳ پانوراما,۱۴۰۱ - ۲۰۲۲,۱۱۵۰۰۰,"۱,۴۳۰,۰۰۰,۰۰۰ تومان",۶ ماه,دنده‌ای,سالم و پلمپ,سالم,سالم و بی‌خط و خش,سالم و پلمپ,https://divar.ir/v/%DB%B2%DB%B0%DB%B6-%D8%AA%DB%8C%D9%BE-%DB%B3-%D9%BE%D8%A7%D9%86%D8%A7/gaHpm8-w?tracker_session_id=1cfdfb1c-eaa5-4bd3-af04-1940f815e4dd_gaHpm8-w_N
پژو 206 SD V8,۱۳۹۸ - ۲۰۱۹,۱۳۴۰۰۰,"۱,۴۰۰,۰۰۰,۰۰۰ تومان",۷ ماه,دنده‌ای,سالم و پلمپ,سالم,سالم و بی‌خط و خش,سالم و پلمپ,https://divar.ir/v/%D9%BE%DA%98%D9%88-206-sd-%D8%A7%D8%B3-%D8%AF%DB%8C-v8-%D9%85%D8%AF%D9%8498-%D8%A8%DB%8C%D8%B1%D9%86%DA%AF/gaHRzVMj?tracker_session_id=1cfdfb1c-eaa5-4bd3-af04-1940f815e4dd_gaHRzVMj_N
پژو 206 SD V8,۱۳۹۶ - ۲۰۱۷,۱۴۶۰۰۰,"۱,۲۵۰,۰۰۰,۰۰۰ تومان",۱۲ ماه,دنده‌ای,سالم و پلمپ,سالم,سالم و بی‌خط و خش,سالم و پلمپ,https://divar.ir/v/206-sd-%D9%85%D8%AF%D9%84-%DB%B9%DB%B6/ga6gCMpK?tracker_session_id=1cfdfb1c-eaa5-4bd3-af04-1940f815e4dd_ga6gCMpK_N
پژو 206 تیپ ۴,۱۳۸۲ - ۲۰۰۳,۵۰۰۰۰۰,"۷۳۰,۰۰۰,۰۰۰ تومان",۸ ماه,اتوماتیک,سالم و پلمپ,سالم,سالم و بی‌خط و خش,سالم و پلمپ,https://divar.ir/v/%D9%BE%DA%98%D9%88-%DB%B2%DB%B0%DB%B6-%D8%A7%D8%AA%D9%88%D9%85%D8%A7%D8%AA%DB%8C%DA%A9-%D8%AA%DB%8C%D9%BE-%DB%B4-%D9%85%D8%AF%D9%84-%DB%B8%DB%B2-%D8%A8%DB%8C-%D8%B1%D9%86%DA%AF/gaHJncg9?tracker_session_id=1cfdfb1c-eaa5-4bd3-af04-1940f815e4dd_gaHJncg9_N
پژو 206 تیپ ۲,۱۳۸۵ - ۲۰۰۶,۳۵۰۰۰۰,"۶۵۰,۰۰۰,۰۰۰ تومان",۱۱ ماه,دنده‌ای,سالم و پلمپ,سالم,دوررنگ,سالم و پلمپ,https://divar.ir/v/%D8%AE%D9%88%D8%AF%D8%B1%D9%88%DB%B2%DB%B0%DB%B6-%D8%AA%DB%8C%D9%BE-%DB%B2/gaHlG6zF?tracker_session_id=1cfdfb1c-eaa5-4bd3-af04-1940f815e4dd_gaHlG6zF_N
پژو 206 تیپ ۲,۱۳۸۶ - ۲۰۰۷,۲۷۰۰۰۰,"۷۳۰,۰۰۰,۰۰۰ تومان",,دنده‌ای,سالم و پلمپ,سالم,دوررنگ,سالم و پلمپ,https://divar.ir/v/206-%D8%AA%DB%8C%D9%BE-%DB%B2-%D8%A7%D8%B3%D9%BE%D9%88%D8%B1%D8%AA-%D8%AC%D9%88%D8%A7%D9%86-%D9%BE%D8%B3%D9%86%D8%AF/gaHllmcX?tracker_session_id=1cfdfb1c-eaa5-4bd3-af04-1940f815e4dd_gaHllmcX_N
پژو 206 تیپ ۲,۱۳۸۹ - ۲۰۱۰,۱۱۱۰۰۰,"۷۶۰,۰۰۰,۰۰۰ تومان",۹ ماه,دنده‌ای,سالم و پلمپ,سالم,دوررنگ,سالم و پلمپ,https://divar.ir/v/206%D8%AA%DB%8C%D9%BE-%DB%B2-%D9%85%D8%AF%D9%8489-%D9%85%D8%A7%D8%B4%DB%8C%D9%86-%D8%AE%D8%A7%D9%86%DA%AF%DB%8C/gayAEul2?tracker_session_id=1cfdfb1c-eaa5-4bd3-af04-1940f815e4dd_gayAEul2_N
پژو 206 تیپ ۲,۱۳۸۹ - ۲۰۱۰,۳۶۰۰۰۰,"۸۲۰,۰۰۰,۰۰۰ تومان",۱۲ ماه,دنده‌ای,,سالم,رنگ‌شدگی در ۳ ناحیه,ضربه‌خورده,https://divar.ir/v/%D9%BE%DA%98%D9%88-%DB%B2%DB%B0%DB%B6-%D9%85%D8%AF%D9%84-%DB%B8%DB%B9/gaHZWlph?tracker_session_id=1cfdfb1c-eaa5-4bd3-af04-1940f815e4dd_gaHZWlph_N
پژو 206 SD V8,۱۳۹۰ - ۲۰۱۱,۲۸۵۰۰۰,"۸۹۰,۰۰۰,۰۰۰ تومان",۹ ماه,دنده‌ای,سالم و پلمپ,سالم,دوررنگ,ضربه‌خورده,https://divar.ir/v/206sd-tu5-90/gaH1Gn_o?tracker_session_id=1cfdfb1c-eaa5-4bd3-af04-1940f815e4dd_gaH1Gn_o_N
پژو 206 تیپ ۵,۱۳۹۵ - ۲۰۱۶,۱۷۸۰۰۰,"۱,۰۵۰,۰۰۰,۰۰۰ تومان",۶ ماه,دنده‌ای,سالم و پلمپ,سالم,خط و خش جزیی,سالم و پلمپ,https://divar.ir/v/%DB%B2%DB%B0%DB%B6-%D8%AA%DB%8C%D9%BE-%DB%B5-%D9%85%D8%AF%D9%84-%DB%B9%DB%B5/gaDhlLbD?tracker_session_id=1cfdfb1c-eaa5-4bd3-af04-1940f815e4dd_gaDhlLbD_N
پژو 206 تیپ ۵,۱۳۹۳ - ۲۰۱۴,۲۰۵۷۹۷,"۹۵۰,۰۰۰,۰۰۰ تومان",۴ ماه,دنده‌ای,سالم و پلمپ,سالم,سالم و بی‌خط و خش,سالم و پلمپ,https://divar.ir/v/%DB%B2%DB%B0%DB%B6-%D8%AA%DB%8C%D9%BE-5-%D9%85%D8%AF%D9%84-93/gaDpth8B?tracker_session_id=1cfdfb1c-eaa5-4bd3-af04-1940f815e4dd_gaDpth8B_N
پژو 206 SD V8,۱۳۹۹ - ۲۰۲۰,۱۴۰۰۰۰,"۱,۳۵۰,۰۰۰,۰۰۰ تومان",۶ ماه,دنده‌ای,سالم و پلمپ,سالم,سالم و بی‌خط و خش,سالم و پلمپ,https://divar.ir/v/%D9%BE%DA%98%D9%88-206-sd-v8-%D9%85%D8%AF%D9%84-99-%D8%AF%D8%B1-%D8%AD%D8%AF-%D8%B5%D9%81%D8%B1/gazMJtDW?tracker_session_id=1cfdfb1c-eaa5-4bd3-af04-1940f815e4dd_gazMJtDW_N
پژو 206 تیپ ۲,۱۳۸۷ - ۲۰۰۸,۳۸۰,"۷۳۵,۰۰۰,۰۰۰ تومان",۸ ماه,دنده‌ای,سالم و پلمپ,سالم,رنگ‌شدگی در ۱ ناحیه,سالم و پلمپ,https://divar.ir/v/%DB%B2%DB%B0%DB%B6-%D8%AA%DB%8C%D8%A8-%DB%B2-%D9%85%D8%AF%D9%84%DB%B8%DB%B7/gaCp7dO0?tracker_session_id=1cfdfb1c-eaa5-4bd3-af04-1940f815e4dd_gaCp7dO0_N
پژو 206 تیپ ۲,۱۳۸۳ - ۲۰۰۴,۳۱۰۰۰۰,"۴۷۰,۰۰۰,۰۰۰ تومان",۱۱ ماه,دنده‌ای,سالم و پلمپ,سالم,دوررنگ,سالم و پلمپ,https://divar.ir/v/%D9%BE%DA%98%D9%88-%DB%B2%DB%B0%DB%B6-%D9%85%D8%AF%D9%84-%DB%B8%DB%B3/gaHJWe4-?tracker_session_id=1cfdfb1c-eaa5-4bd3-af04-1940f815e4dd_gaHJWe4-_N
پژو 206 SD V8,۱۳۹۵ - ۲۰۱۶,۰,"۱,۲۲۰,۰۰۰,۰۰۰ تومان",۱۰ ماه,دنده‌ای,سالم و پلمپ,سالم,رنگ‌شدگی در ۲ ناحیه,سالم و پلمپ,https://divar.ir/v/206-sd-v8/gaHJXrqa?tracker_session_id=1cfdfb1c-eaa5-4bd3-af04-1940f815e4dd_gaHJXrqa_N
پژو 206 تیپ ۲,۱۳۸۲ - ۲۰۰۳,۳۰۸۰۰۰,"۴۲۰,۰۰۰,۰۰۰ تومان",۴ ماه,دنده‌ای,سالم و پلمپ,سالم,تمام‌رنگ,ضربه‌خورده,https://divar.ir/v/206-%D8%AA%DB%8C%D9%BE2/gaHtWfBm?tracker_session_id=1cfdfb1c-eaa5-4bd3-af04-1940f815e4dd_gaHtWfBm_N
پژو 206 SD V8,۱۳۹۶ - ۲۰۱۷,۸۷۰۰۰,"۱,۲۶۵,۰۰۰,۰۰۰ تومان",۶ ماه,دنده‌ای,سالم و پلمپ,سالم,سالم و بی‌خط و خش,سالم و پلمپ,https://divar.ir/v/%D9%81%D8%B1%D9%88%D8%B4-%D9%88-%D9%85%D8%B9%D8%A7%D9%88%D8%B6%D9%87-206-sd-tu5%D8%A8%DB%8C-%D8%B1%D9%86%DA%AF-v8-%D9%85%D8%AF%D9%84-%DB%B9%DB%B6/gaGt4gjl?tracker_session_id=1cfdfb1c-eaa5-4bd3-af04-1940f815e4dd_gaGt4gjl_N
پژو 206 SD V8,۱۳۹۷ - ۲۰۱۸,۲۵۵۰۰۰,"۱,۳۵۰,۰۰۰,۰۰۰ تومان",۱۲ ماه,دنده‌ای,سالم و پلمپ,سالم,رنگ‌شدگی در ۲ ناحیه,تعیین‌نشده,https://divar.ir/v/206sd%D9%85%D8%AF%D9%84%DB%B9%DB%B7%D8%AA%DB%8C%D9%88%D9%81%D8%A7%DB%8C%D9%88/gaHp2SHk?tracker_session_id=1cfdfb1c-eaa5-4bd3-af04-1940f815e4dd_gaHp2SHk_N
پژو 206 SD V8,۱۳۹۵ - ۲۰۱۶,۷۵۰۰۰,"۱,۲۰۰,۰۰۰,۰۰۰ تومان",۵ ماه,,سالم و پلمپ,سالم,رنگ‌شدگی در ۲ ناحیه,سالم و پلمپ,https://divar.ir/v/%D9%BE%DA%98%D9%88-%DB%B2%DB%B0%DB%B6-sd-%D9%88%DB%8C-%DB%B8-%D9%85%D8%AF%D9%84-%DB%B9%DB%B5-%D9%81%D9%88%D9%82-%D8%A7%D9%84%D8%B9%D8%A7%D8%AF%D9%87-%DA%A9%D9%85-%DA%A9%D8%A7%D8%B1/gaHl2lpY?tracker_session_id=1cfdfb1c-eaa5-4bd3-af04-1940f815e4dd_gaHl2lpY_N
پژو 206 تیپ ۲,۱۳۸۲ - ۲۰۰۳,۳۶۰۰۰۰,"۵۳۰,۰۰۰,۰۰۰ تومان",۱۰ ماه,دنده‌ای,,سالم,دوررنگ,سالم و پلمپ,https://divar.ir/v/206%D9%85%D8%AF%D9%8482%D8%AA%DB%8C%D9%BE2%D8%B3%D8%A7%D9%84%D9%85/ga-8YmnH?tracker_session_id=1cfdfb1c-eaa5-4bd3-af04-1940f815e4dd_ga-8YmnH_N
پژو 206 تیپ ۲,۱۳۹۹ - ۲۰۲۰,۷۸۰۰۰,"۱,۲۷۰,۰۰۰,۰۰۰ تومان",۵ ماه,دنده‌ای,سالم و پلمپ,سالم,خط و خش جزیی,سالم و پلمپ,https://divar.ir/v/%DB%B2%DB%B0%DB%B6-%D8%AA%DB%8C%D9%BE-%DB%B2-%D9%85%D8%AF%D9%84-%DB%B9%DB%B9/gaHxG98W?tracker_session_id=1cfdfb1c-eaa5-4bd3-af04-1940f815e4dd_gaHxG98W_N
پژو 206 تیپ ۵,۱۳۸۹ - ۲۰۱۰,۳۵۰۰۰۰,"۱,۰۰۰,۰۰۰,۰۰۰ تومان",۶ ماه,دنده‌ای,سالم و پلمپ,سالم,رنگ‌شدگی در ۴ ناحیه,سالم و پلمپ,https://divar.ir/v/%DB%B2%DB%B0%DB%B6-%D8%A7%D8%B3-%D8%AF%DB%8C-%D9%88%DB%8C-%DB%B8-%D9%81%D9%88%D9%84/gaDVJqUj?tracker_session_id=1cfdfb1c-eaa5-4bd3-af04-1940f815e4dd_gaDVJqUj_N
پژو 206 تیپ ۲,۱۳۸۳ - ۲۰۰۴,۵۰۰۰۰۰,"۵۰۰,۰۰۰,۰۰۰ تومان",۲ ماه,دنده‌ای,سالم و پلمپ,سالم,تمام‌رنگ,سالم و پلمپ,https://divar.ir/v/%D8%AE%D9%88%D8%AF%D8%B1%D9%88-206-%D9%86%D9%82%D8%B1%D9%87-%D8%A7%DB%8C-%D9%85%D8%AF%D9%84-83/gaHZWuGn?tracker_session_id=1cfdfb1c-eaa5-4bd3-af04-1940f815e4dd_gaHZWuGn_N
پژو 206 تیپ ۳,۱۳۹۷ - ۲۰۱۸,۸۱۰۰۰,"۱,۲۰۰,۰۰۰,۰۰۰ تومان",۸ ماه,دنده‌ای,سالم و پلمپ,سالم,خط و خش جزیی,سالم و پلمپ,https://divar.ir/v/%D9%BE%DA%98%D9%88-%DB%B2%DB%B0%DB%B6-%D8%AA%DB%8C%D9%BE-%DB%B3-%D9%85%D8%AF%D9%84-%DB%B9%DB%B7-%DA%A9%D9%85-%DA%A9%D8%A7%D8%B1-%D9%88-%D8%AA%D9%85%DB%8C%D8%B2/gaHtmUju?tracker_session_id=1cfdfb1c-eaa5-4bd3-af04-1940f815e4dd_gaHtmUju_N
پژو 206 تیپ ۲,۱۳۸۲ - ۲۰۰۳,۲۰۰۰۰۰,"۵۰۰,۰۰۰,۰۰۰ تومان",۱ ماه,دنده‌ای,سالم و پلمپ,تعویض شده,دوررنگ,سالم و پلمپ,https://divar.ir/v/%D9%BE%DA%98%D9%88206%D8%AA%DB%8C%D9%BE-2/gaHJ3NTI?tracker_session_id=1cfdfb1c-eaa5-4bd3-af04-1940f815e4dd_gaHJ3NTI_N
پژو 206 تیپ ۵,۱۳۹۸ - ۲۰۱۹,۱۷۸۰۰۰,"۱,۱۳۰,۰۰۰,۰۰۰ تومان",۹ ماه,دنده‌ای,سالم و پلمپ,سالم,رنگ‌شدگی در ۴ ناحیه,سالم و پلمپ,https://divar.ir/v/206-%D8%AA%DB%8C%D9%BE-5-%D9%85%D8%AF%D9%84-98/ga-cILzi?tracker_session_id=1cfdfb1c-eaa5-4bd3-af04-1940f815e4dd_ga-cILzi_N
پژو 206 تیپ ۳,۱۳۸۷ - ۲۰۰۸,۳۰۰۰۰۰,"۷۰۰,۰۰۰,۰۰۰ تومان",۱۲ ماه,دنده‌ای,سالم و پلمپ,سالم,تمام‌رنگ,سالم و پلمپ,https://divar.ir/v/%DB%B2%DB%B0%DB%B6-%D8%AA%DB%8C%D9%BE-%DB%B3/gaHZWQ2n?tracker_session_id=1cfdfb1c-eaa5-4bd3-af04-1940f815e4dd_gaHZWQ2n_N
پژو 206 تیپ ۲,۱۳۹۶ - ۲۰۱۷,۱۷۵۰۰۰,"۷۸۰,۰۰۰,۰۰۰ تومان",,دنده‌ای,سالم و پلمپ,سالم,دوررنگ,ضربه‌خورده,https://divar.ir/v/%D8%AE%D9%88%D8%AF%D8%B1%D9%88-%D9%BE%DA%98%D9%88-%DB%B2%DB%B0%DB%B6-%D8%AA%DB%8C%D9%BE-%DB%B2/gaHVmAc9?tracker_session_id=1cfdfb1c-eaa5-4bd3-af04-1940f815e4dd_gaHVmAc9_N
پژو 206 تیپ ۲,۱۴۰۱ - ۲۰۲۲,۹۶۰۰۰,"۱,۲۹۵,۰۰۰ تومان",۱ ماه,دنده‌ای,سالم و پلمپ,سالم,سالم و بی‌خط و خش,سالم و پلمپ,https://divar.ir/v/%DB%B2%DB%B0%DB%B6-%D8%AA%DB%8C%D9%BE-%DB%B2/gaGtokDz?tracker_session_id=1cfdfb1c-eaa5-4bd3-af04-1940f815e4dd_gaGtokDz_N
پژو 206 SD V9,۱۳۸۹ - ۲۰۱۰,۳۴۶۰۰۰,"۷۵۰,۰۰۰,۰۰۰ تومان",,اتوماتیک,,سالم,رنگ‌شدگی در ۷ ناحیه,ضربه‌خورده,https://divar.ir/v/%D9%BE%DA%98%D9%88-%DB%B2%DB%B0%DB%B6-%D8%B5%D9%86%D8%AF%D9%88%D9%82%D8%AF%D8%A7%D8%B1-%D8%A7%D8%AA%D9%88%D9%85%D8%A7%D8%AA%DB%8C%DA%A9/gaHdmV-O?tracker_session_id=1cfdfb1c-eaa5-4bd3-af04-1940f815e4dd_gaHdmV-O_N
پژو 206 تیپ ۵,۱۳۹۲ - ۲۰۱۳,۲۷۰۰۰۰,"۸۰۵,۰۰۰,۰۰۰ تومان",۱۱ ماه,دنده‌ای,سالم و پلمپ,سالم,تمام‌رنگ,ضربه‌خورده,https://divar.ir/v/%DB%B2%DB%B0%DB%B6%D8%AA%DB%8C%D9%BE%DB%B5-sd-%D9%85%D8%AF%D9%84-%DB%B9%DB%B2-tu5%D9%81%D8%B1%D9%88%D8%B4-%D9%81%D9%88%D8%B1%DB%8C/gau80Tzh?tracker_session_id=1cfdfb1c-eaa5-4bd3-af04-1940f815e4dd_gau80Tzh_N
پژو 206 تیپ ۳ پانوراما,۱۴۰۱ - ۲۰۲۲,۸۰۰۰۰,"۱,۶۲۵,۰۰۰,۰۰۰ تومان",۸ ماه,دنده‌ای,سالم و پلمپ,سالم,سالم و بی‌خط و خش,سالم و پلمپ,https://divar.ir/v/%D9%BE%DA%98%D9%88-%DB%B2%DB%B0%DB%B7-%D9%BE%D8%A7%D9%86%D8%A7-tu5-%D9%85%D8%AF%D9%84-%DB%B1%DB%B4%DB%B0%DB%B1/gaH9WnHX?tracker_session_id=1cfdfb1c-eaa5-4bd3-af04-1940f815e4dd_gaH9WnHX_N
پژو 206 SD V8,۱۳۹۷ - ۲۰۱۸,۱۹۰۰۰۰,"۹۸۰,۰۰۰,۰۰۰ تومان",۶ ماه,دنده‌ای,سالم و پلمپ,سالم,رنگ‌شدگی در ۲ ناحیه,سالم و پلمپ,https://divar.ir/v/206-%D9%85%D8%AF%D9%84-97-sd-v8/gaGhu8qi?tracker_session_id=1cfdfb1c-eaa5-4bd3-af04-1940f815e4dd_gaGhu8qi_N
پژو 206 تیپ ۳,۱۴۰۱ - ۲۰۲۲,۶۵۰۰۰,"۱,۴۲۰,۰۰۰,۰۰۰ تومان",۷ ماه,دنده‌ای,سالم و پلمپ,سالم,سالم و بی‌خط و خش,سالم و پلمپ,https://divar.ir/v/%D9%BE%DA%98%D9%88%DB%B2%DB%B0%DB%B6%D8%AA%DB%8C%D9%BE%DB%B3/ga9M3W4Y?tracker_session_id=1cfdfb1c-eaa5-4bd3-af04-1940f815e4dd_ga9M3W4Y_N
پژو 206 تیپ ۵,۱۳۹۵ - ۲۰۱۶,۱۴۰۰۰۰,"۸۶۰,۰۰۰,۰۰۰ تومان",۴ ماه,دنده‌ای,سالم و پلمپ,سالم,دوررنگ,سالم و پلمپ,https://divar.ir/v/206%D8%AA%DB%8C%D9%BE-5%D9%85%D8%AF%D9%84-95/gaE5zGKi?tracker_session_id=1cfdfb1c-eaa5-4bd3-af04-1940f815e4dd_gaE5zGKi_N
پژو 206 تیپ ۲,۱۳۸۸ - ۲۰۰۹,۳۰۰۰۰۰,"۷۳۹,۰۰۰,۰۰۰ تومان",۱۲ ماه,دنده‌ای,سالم و پلمپ,سالم,دوررنگ,سالم و پلمپ,https://divar.ir/v/%DB%B2%DB%B0%DB%B6%D8%AA%DB%8C%D9%BE%DB%B2-%D8%B4%D8%A7%D8%B3%DB%8C-%D8%B3%D8%A7%D9%84%D9%85/gaHllwZk?tracker_session_id=1cfdfb1c-eaa5-4bd3-af04-1940f815e4dd_gaHllwZk_N
پژو 206 تیپ ۲,۱۳۸۹ - ۲۰۱۰,۲۰۷۰۰۰,"۶۲۰,۰۰۰,۰۰۰ تومان",,دنده‌ای,سالم و پلمپ,سالم,دوررنگ,ضربه‌خورده,https://divar.ir/v/%D9%81%D8%B1%D9%88%D8%B4-%DB%B2%DB%B0%DB%B6-%D9%85%D8%AF%D9%84-%DB%B8%DB%B9/gaH9F-CC?tracker_session_id=1cfdfb1c-eaa5-4bd3-af04-1940f815e4dd_gaH9F-CC_N
پژو 206 تیپ ۲,۱۳۸۲ - ۲۰۰۳,۶۰۰۰۰۰,"۴۸۵,۰۰۰,۰۰۰ تومان",۲ ماه,دنده‌ای,سالم و پلمپ,سالم,دوررنگ,سالم و پلمپ,https://divar.ir/v/%D9%BE%DA%98%D9%88%DB%B2%DB%B0%DB%B6/gaHVFwzu?tracker_session_id=1cfdfb1c-eaa5-4bd3-af04-1940f815e4dd_gaHVFwzu_N
پژو 206 تیپ ۳,۱۴۰۱ - ۲۰۲۲,۱۰۰۰۰۰,"۱,۳۲۰,۰۰۰,۰۰۰ تومان",۱۱ ماه,دنده‌ای,سالم و پلمپ,سالم,رنگ‌شدگی در ۱ ناحیه,سالم و پلمپ,https://divar.ir/v/%D9%BE%DA%98%D9%88-%DB%B2%DB%B0%DB%B6-%D9%BE%D8%A7%D9%86%D9%88%D8%B1%D8%A7%D9%85%D8%A7-%D9%85%D8%AF%D9%84-%DB%B1%DB%B4%DB%B0%DB%B1/gaHNGyQX?tracker_session_id=1cfdfb1c-eaa5-4bd3-af04-1940f815e4dd_gaHNGyQX_N
پژو 206 SD V9,۱۳۸۸ - ۲۰۰۹,۴۰۰۰۰۰,"۸۲۰,۰۰۰,۰۰۰ تومان",۸ ماه,اتوماتیک,سالم و پلمپ,سالم,رنگ‌شدگی در ۲ ناحیه,سالم و پلمپ,https://divar.ir/v/%D9%BE%DA%98%D9%88-%DB%B2%DB%B0%DB%B6-sd-v9/gaHlm2dI?tracker_session_id=1cfdfb1c-eaa5-4bd3-af04-1940f815e4dd_gaHlm2dI_N
پژو 206 تیپ ۵,۱۳۹۴ - ۲۰۱۵,۲۰۵۰۰۰,"۹۸۰,۰۰۰,۰۰۰ تومان",۱۲ ماه,دنده‌ای,سالم و پلمپ,سالم,دوررنگ,سالم و پلمپ,https://divar.ir/v/%DB%B2%DB%B0%DB%B6%D8%AA%DB%8C%D9%BE%DB%B5%D9%85%D8%AF%D9%84-%DB%B9%DB%B4/gaHNWhNR?tracker_session_id=1cfdfb1c-eaa5-4bd3-af04-1940f815e4dd_gaHNWhNR_N
پژو 206 تیپ ۲,۱۳۹۹ - ۲۰۲۰,۸۸۵۰۰,"۱,۲۵۰,۰۰۰,۰۰۰ تومان",۱۲ ماه,دنده‌ای,سالم و پلمپ,سالم,سالم و بی‌خط و خش,سالم و پلمپ,https://divar.ir/v/%D9%BE%DA%98%D9%88-%DB%B2%DB%B0%DB%B6-%D9%85%D8%AF%D9%84-%DB%B9%DB%B9-%D8%B3%D9%81%DB%8C%D8%AF/gaF009Ku?tracker_session_id=1cfdfb1c-eaa5-4bd3-af04-1940f815e4dd_gaF009Ku_N
پژو 206 تیپ ۲,۱۴۰۰ - ۲۰۲۱,۱۰۴۰۰۰,"۱,۲۹۰,۰۰۰,۰۰۰ تومان",,دنده‌ای,,سالم,سالم و بی‌خط و خش,سالم و پلمپ,https://divar.ir/v/%D9%BE%DA%98%D9%88-206-%D8%AA%DB%8C%D9%BE2/gaHNGAay?tracker_session_id=1cfdfb1c-eaa5-4bd3-af04-1940f815e4dd_gaHNGAay_N
پژو 206 تیپ ۳,۱۴۰۱ - ۲۰۲۲,۴۵۰۰۰,"۱,۳۸۰,۰۰۰,۰۰۰ تومان",۸ ماه,دنده‌ای,سالم و پلمپ,سالم,سالم و بی‌خط و خش,سالم و پلمپ,https://divar.ir/v/%D9%BE%DA%98%D9%88-%DB%B2%DB%B0%DB%B6-%D8%AA%DB%8C%D9%BE-%DB%B2%D9%85%D8%AF%D9%84-%DB%B1%DB%B4%DB%B0%DB%B1tu3/gaHxmloS?tracker_session_id=1cfdfb1c-eaa5-4bd3-af04-1940f815e4dd_gaHxmloS_N
پژو 206 تیپ ۲,۱۳۸۶ - ۲۰۰۷,۳۰۰۰۰۰,"۵۸۵,۰۰۰,۰۰۰ تومان",۱۱ ماه,دنده‌ای,سالم و پلمپ,سالم,رنگ‌شدگی در ۵ ناحیه,سالم و پلمپ,https://divar.ir/v/%D9%BE%DA%98%D9%88-206-%D9%85%D8%AF%D9%84-86-%D8%AA%DB%8C%D9%BE-2/gaHNnXnL?tracker_session_id=1cfdfb1c-eaa5-4bd3-af04-1940f815e4dd_gaHNnXnL_N
پژو 206 تیپ ۲,۱۳۸۱ - ۲۰۰۲,۳۲۰۰۰۰,"۴۸۵,۰۰۰,۰۰۰ تومان",۵ ماه,دنده‌ای,سالم و پلمپ,سالم,رنگ‌شدگی در ۱ ناحیه,سالم و پلمپ,https://divar.ir/v/%D9%BE%DA%98%D9%88-%DB%B2%DB%B0%DB%B6-%D9%85%D8%AF%D9%84-%DB%B8%DB%B1-%D8%B3%D9%81%DB%8C%D8%AF-%D8%B1%D9%86%DA%AF-%D9%81%D8%A7%D8%A8%D8%B1%DB%8C%DA%A9/gaGN3R5M?tracker_session_id=1cfdfb1c-eaa5-4bd3-af04-1940f815e4dd_gaGN3R5M_N
پژو 206 تیپ ۳,۱۳۹۸ - ۲۰۱۹,۱۲۷۰۰۰,"۱,۱۶۰,۰۰۰,۰۰۰ تومان",۸ ماه,دنده‌ای,,سالم,رنگ‌شدگی در ۳ ناحیه,سالم و پلمپ,https://divar.ir/v/206%D8%AA%DB%8C%D9%BE3/gazk84O_?tracker_session_id=1cfdfb1c-eaa5-4bd3-af04-1940f815e4dd_gazk84O__N
پژو 206 تیپ ۲,۱۳۹۰ - ۲۰۱۱,۳۰۰۰۰۰,"۷۸۷,۰۰۰,۰۰۰ تومان",۷ ماه,دنده‌ای,سالم و پلمپ,سالم,رنگ‌شدگی در ۱ ناحیه,سالم و پلمپ,https://divar.ir/v/%DB%B2%DB%B0%DB%B6%D9%85%D8%AF%D9%84%DB%B9%DB%B0/gaHF2l50?tracker_session_id=1cfdfb1c-eaa5-4bd3-af04-1940f815e4dd_gaHF2l50_N
پژو 206 تیپ ۲,۱۳۸۴ - ۲۰۰۵,۴۲۰۰۰۰,"۵۳۰,۰۰۰,۰۰۰ تومان",۵ ماه,دنده‌ای,سالم و پلمپ,سالم,سالم و بی‌خط و خش,سالم و پلمپ,https://divar.ir/v/%DB%B2%DB%B0%DB%B6-%D8%AA%DB%8C%D9%BE-%DB%B2-%D9%85%D8%AF%D9%84-%DB%B8%DB%B4/gaHdnQ_E?tracker_session_id=1cfdfb1c-eaa5-4bd3-af04-1940f815e4dd_gaHdnQ_E_N
پژو 206 تیپ ۳,۱۳۸۹ - ۲۰۱۰,۲۲۰۰۰۰,"۷۷۵,۰۰۰,۰۰۰ تومان",۷ ماه,دنده‌ای,سالم و پلمپ,سالم,رنگ‌شدگی در ۲ ناحیه,تعیین‌نشده,https://divar.ir/v/%D9%BE%DA%98%D9%88-206-%D9%85%D8%AF%D9%84-%DB%B8%DB%B9/gaHR3zax?tracker_session_id=1cfdfb1c-eaa5-4bd3-af04-1940f815e4dd_gaHR3zax_N
پژو 206 تیپ ۵,۱۳۹۲ - ۲۰۱۳,۲۵۵۰۰۰,"۸۹۵,۰۰۰,۰۰۰ تومان",۸ ماه,دنده‌ای,سالم و پلمپ,سالم,سالم و بی‌خط و خش,سالم و پلمپ,https://divar.ir/v/%D9%BE%DA%98%D9%88%DB%B2%DB%B0%DB%B6-v8-sd-%D8%AA%DB%8C%D9%88%D9%81%D8%A7%DB%8C%D9%88%DB%B1%DB%B3%DB%B9%DB%B2/gaHhlEmm?tracker_session_id=1cfdfb1c-eaa5-4bd3-af04-1940f815e4dd_gaHhlEmm_N
پژو 206 تیپ ۲,۱۳۸۸ - ۲۰۰۹,۳۰۰۰۰۰,"۵۸۰,۰۰۰,۰۰۰ تومان",۳ ماه,دنده‌ای,سالم و پلمپ,سالم,دوررنگ,ضربه‌خورده,https://divar.ir/v/%DB%B2%DB%B0%DB%B6-%D8%A7%D8%B3-%D8%AF%DB%8C-%D9%85%D8%AF%D9%84-%DB%B8%DB%B8/gaHV16J0?tracker_session_id=1cfdfb1c-eaa5-4bd3-af04-1940f815e4dd_gaHV16J0_N
پژو 206 تیپ ۵,۱۳۹۶ - ۲۰۱۷,۱۶۰۰۰۰,"۱۱,۸۰۰,۰۰۰,۰۰۰ تومان",۶ ماه,دنده‌ای,سالم و پلمپ,سالم,سالم و بی‌خط و خش,سالم و پلمپ,https://divar.ir/v/%DB%B2%DB%B0%DB%B6-%D8%AA%DB%8C%D9%BE%DB%B5/gaHBmHET?tracker_session_id=1cfdfb1c-eaa5-4bd3-af04-1940f815e4dd_gaHBmHET_N
پژو 206 SD V8,۱۳۹۶ - ۲۰۱۷,۱۸۷۰۰۰,"۱,۳۰۰,۰۰۰,۰۰۰ تومان",۷ ماه,دنده‌ای,سالم و پلمپ,سالم,سالم و بی‌خط و خش,سالم و پلمپ,https://divar.ir/v/%D9%BE%DA%98%D9%88-206-sd-v8-%D9%81%D9%88%D9%84-tu5/gaHZ3AoS?tracker_session_id=1cfdfb1c-eaa5-4bd3-af04-1940f815e4dd_gaHZ3AoS_N
پژو 206 تیپ ۲,۱۳۸۵ - ۲۰۰۶,۲۸۰۰۰۰,"۴۹۵,۰۰۰,۰۰۰ تومان",۶ ماه,دنده‌ای,تعمیر شده,سالم,رنگ‌شدگی در ۱ ناحیه,تعیین‌نشده,https://divar.ir/v/%DB%B2%DB%B0%DB%B6-%D8%AA%DB%8C%D9%BE-%DB%B2-%D8%AE%D8%A7%D9%86%DA%AF%DB%8C-%D9%85%D9%88%D8%AA%D9%88%D8%B1-%D9%88-%DA%AF%D8%B1%DB%8C%D8%A8%DA%A9%D8%B3-%D8%AA%D8%B9%D9%85%DB%8C%D8%B1-%D8%B4%D8%AF%D9%87/ga2MLp20?tracker_session_id=1cfdfb1c-eaa5-4bd3-af04-1940f815e4dd_ga2MLp20_N
پژو 206 تیپ ۲,۱۳۹۹ - ۲۰۲۰,۱۱۸۵۰۰,"۸۲۶,۰۰۰,۰۰۰ تومان",۵ ماه,دنده‌ای,سالم و پلمپ,سالم,تمام‌رنگ,سالم و پلمپ,https://divar.ir/v/%D9%BE%DA%98%D9%88-%DB%B2%DB%B0%DB%B6-%D8%AA%DB%8C%D9%BE-%DB%B2/gaHllP_Q?tracker_session_id=1cfdfb1c-eaa5-4bd3-af04-1940f815e4dd_gaHllP_Q_N
پژو 206 SD V8,۱۳۹۴ - ۲۰۱۵,۱۹۰۰۰۰,"۱,۰۰۰,۰۰۰,۰۰۰ تومان",۱۱ ماه,دنده‌ای,سالم و پلمپ,سالم,دوررنگ,سالم و پلمپ,https://divar.ir/v/%D9%BE%DA%98%D9%88-206-sd-v8-%D9%85%D8%AF%D9%84-94-%D8%AA%D9%85%DB%8C%D8%B2-%D9%88-%D8%B3%D8%A7%D9%84%D9%85/gaHR3to4?tracker_session_id=1cfdfb1c-eaa5-4bd3-af04-1940f815e4dd_gaHR3to4_N
پژو 206 SD V8,۱۳۹۴ - ۲۰۱۵,۳۰۰۰۰۰,"۱,۰۹۰,۰۰۰,۰۰۰ تومان",۲ ماه,دنده‌ای,سالم و پلمپ,سالم,سالم و بی‌خط و خش,سالم و پلمپ,https://divar.ir/v/%DB%B2%DB%B0%DB%B6-sd-v8-%D8%AF%D8%B1%DB%8C%DA%86%D9%87-%D8%B3%DB%8C%D9%85%DB%8C/gaH5FRzJ?tracker_session_id=1cfdfb1c-eaa5-4bd3-af04-1940f815e4dd_gaH5FRzJ_N
پژو 206 تیپ ۳,۱۳۹۵ - ۲۰۱۶,۱۵۰۰۰۰,"۹۵۰,۰۰۰,۰۰۰ تومان",۳ ماه,دنده‌ای,سالم و پلمپ,سالم,خط و خش جزیی,سالم و پلمپ,https://divar.ir/v/206-%D8%AA%DB%8C%D9%BE-3/gaHdGT3h?tracker_session_id=1cfdfb1c-eaa5-4bd3-af04-1940f815e4dd_gaHdGT3h_N
پژو 206 تیپ ۲,۱۳۸۵ - ۲۰۰۶,۳۴۷۰۰۰,"۶۷۰,۰۰۰,۰۰۰ تومان",۸ ماه,دنده‌ای,سالم و پلمپ,سالم,دوررنگ,سالم و پلمپ,https://divar.ir/v/206-%D9%85%D8%AF%D9%84-85/gaHBG3eV?tracker_session_id=1cfdfb1c-eaa5-4bd3-af04-1940f815e4dd_gaHBG3eV_N
پژو 206 تیپ ۲,۱۳۹۹ - ۲۰۲۰,۱۴۰۰۰۰,"۱,۱۲۰,۰۰۰,۰۰۰ تومان",۶ ماه,دنده‌ای,سالم و پلمپ,سالم,خط و خش جزیی,سالم و پلمپ,https://divar.ir/v/%D9%BE%DA%98%D9%88-%DB%B2%DB%B0%DB%B6%D8%AA%DB%8C%D9%BE-tu3-%DB%B2/gaH9lJ3f?tracker_session_id=1cfdfb1c-eaa5-4bd3-af04-1940f815e4dd_gaH9lJ3f_N
پژو 206 تیپ ۲,۱۳۸۵ - ۲۰۰۶,۴۰۰۰۰۰,"۶۳۰,۰۰۰,۰۰۰ تومان",۱۰ ماه,دنده‌ای,سالم و پلمپ,سالم,رنگ‌شدگی در ۲ ناحیه,سالم و پلمپ,https://divar.ir/v/%DB%B2%DB%B0%DB%B6-%D8%AA%DB%8C%D9%BE-%DB%B2-%D8%B3%D8%A7%D9%84%D9%85-%D9%85%D8%AF%D9%84-%DB%B8%DB%B5-%D8%AF%D8%B1%DB%8C%DA%86%D9%87-%DA%AF%D8%A7%D8%B2-%D8%B3%DB%8C%D9%85%DB%8C/gaElfScs?tracker_session_id=1cfdfb1c-eaa5-4bd3-af04-1940f815e4dd_gaElfScs_N
پژو 206 SD V8,۱۳۹۴ - ۲۰۱۵,۲۶۰۰۰۰,"۱,۰۵۰,۰۰۰,۰۰۰ تومان",۲ ماه,دنده‌ای,سالم و پلمپ,سالم,رنگ‌شدگی در ۲ ناحیه,سالم و پلمپ,https://divar.ir/v/206sd/gaE1bxeX?tracker_session_id=1cfdfb1c-eaa5-4bd3-af04-1940f815e4dd_gaE1bxeX_N
پژو 206 تیپ ۲,۱۳۸۱ - ۲۰۰۲,۱۲۵۸۶۸,"۵۳۸,۰۰۰,۰۰۰ تومان",۱۰ ماه,دنده‌ای,سالم و پلمپ,تعویض شده,دوررنگ,سالم و پلمپ,https://divar.ir/v/206%D8%AA%DB%8C%D9%BE-2%D9%85%D8%AF%D9%84-81/gaHtWx3U?tracker_session_id=1cfdfb1c-eaa5-4bd3-af04-1940f815e4dd_gaHtWx3U_N
پژو 206 تیپ ۲,۱۳۸۹ - ۲۰۱۰,۴۰۰۰۰۰,"۶۹۰,۰۰۰,۰۰۰ تومان",۱۰ ماه,دنده‌ای,سالم و پلمپ,سالم,تمام‌رنگ,سالم و پلمپ,https://divar.ir/v/206-%D8%AA%DB%8C%D9%BE-%DB%B2/gaHlVuXZ?tracker_session_id=1cfdfb1c-eaa5-4bd3-af04-1940f815e4dd_gaHlVuXZ_N
پژو 206 تیپ ۲,۱۳۹۸ - ۲۰۱۹,۱۴۰۰۰۰,"۱,۰۸۰,۰۰۰,۰۰۰ تومان",۶ ماه,دنده‌ای,سالم و پلمپ,سالم,رنگ‌شدگی در ۱ ناحیه,تعیین‌نشده,https://divar.ir/v/%D9%BE%DA%98%D9%88-%DB%B2%DB%B0%DB%B6-%D9%85%D8%AF%D9%84-%DB%B9%DB%B8-%D8%AA%DB%8C%D9%BE-%DB%B2/gaHdVKAj?tracker_session_id=1cfdfb1c-eaa5-4bd3-af04-1940f815e4dd_gaHdVKAj_N
پژو 206 تیپ ۲,۱۳۹۶ - ۲۰۱۷,۱۶۵۰۰۰,"۱,۰۰۰,۰۰۰,۰۰۰ تومان",۱۲ ماه,دنده‌ای,سالم و پلمپ,سالم,رنگ‌شدگی در ۱ ناحیه,سالم و پلمپ,https://divar.ir/v/%D9%BE%DA%98%D9%88-206-%D8%AA%DB%8C%D9%BE-2-%D9%85%D8%AF%D9%84-96/gaG51NeG?tracker_session_id=1cfdfb1c-eaa5-4bd3-af04-1940f815e4dd_gaG51NeG_N
پژو 206 تیپ ۲,۱۳۸۲ - ۲۰۰۳,۴۶۰۰۰۰,"۶۸۰,۰۰۰,۰۰۰ تومان",۸ ماه,دنده‌ای,سالم و پلمپ,سالم,سالم و بی‌خط و خش,سالم و پلمپ,https://divar.ir/v/%D9%81%D8%B1%D9%88%D8%B4-%D9%BE%DA%98%D9%88-206/gaHtFM7p?tracker_session_id=1cfdfb1c-eaa5-4bd3-af04-1940f815e4dd_gaHtFM7p_N
پژو 206 SD V2,۱۳۹۰ - ۲۰۱۱,۱۶۲۰۰۰,"۷۹۵,۰۰۰,۰۰۰ تومان",۱ ماه,دنده‌ای,سالم و پلمپ,سالم,خط و خش جزیی,سالم و پلمپ,https://divar.ir/v/%D9%BE%DA%98%D9%88-%D8%A7%D8%B3-%D8%AF%DB%8C-%D8%AF%D9%88%DA%AF%D8%A7%D9%86%D9%87-%DA%A9%D8%A7%D8%B1%D8%AE%D8%A7%D9%86%D9%87-%D8%AA%DB%8C%D9%88-%D9%81%D8%A7%DB%8C%D9%88/gaHl2olr?tracker_session_id=1cfdfb1c-eaa5-4bd3-af04-1940f815e4dd_gaHl2olr_N
پژو 206 تیپ ۲,۱۴۰۱ - ۲۰۲۲,۶۰۰۰۰,"۱,۲۷۰,۰۰۰,۰۰۰ تومان",۳ ماه,دنده‌ای,سالم و پلمپ,سالم,سالم و بی‌خط و خش,سالم و پلمپ,https://divar.ir/v/%DB%B2%DB%B0%DB%B6%D8%AA%DB%8C%D9%BE-%DB%B2%D9%85%D8%AF%D9%84%DB%B4%DB%B0%DB%B1-%D8%A8%DB%8C%D8%B1%D9%86%DA%AF/gaH5marm?tracker_session_id=1cfdfb1c-eaa5-4bd3-af04-1940f815e4dd_gaH5marm_N
پژو 206 تیپ ۲,۱۳۸۳ - ۲۰۰۴,۳۱۰۰۰۰,"۵۸۰,۰۰۰,۰۰۰ تومان",۶ ماه,دنده‌ای,سالم و پلمپ,سالم,دوررنگ,سالم و پلمپ,https://divar.ir/v/206-%D9%85%D8%AF%D9%84-83-%D8%AA%DB%8C%D9%BE-2/ga_cMfbF?tracker_session_id=1cfdfb1c-eaa5-4bd3-af04-1940f815e4dd_ga_cMfbF_N
پژو 206 تیپ ۲,۱۳۸۲ - ۲۰۰۳,۴۰۰۰۰۰,"۴۰۰,۰۰۰,۰۰۰ تومان",,,,تعیین‌نشده,تمام‌رنگ,سالم و پلمپ,https://divar.ir/v/206-%D8%AA%DB%8C%D9%BE-2/gassz_-3?tracker_session_id=1cfdfb1c-eaa5-4bd3-af04-1940f815e4dd_gassz_-3_N
پژو 206 تیپ ۲,۱۳۹۵ - ۲۰۱۶,۲۷۰۰۰۰,"۹۰۰,۰۰۰,۰۰۰ تومان",۱۲ ماه,دنده‌ای,سالم و پلمپ,سالم,رنگ‌شدگی در ۱ ناحیه,سالم و پلمپ,https://divar.ir/v/%D9%BE%DA%98%D9%88-%DB%B2%DB%B0%DB%B6-%D8%AA%DB%8C%D9%BE-%DB%B2-%D9%85%D8%AF%D9%84-%DB%B9%DB%B5/gaHJ3MQP?tracker_session_id=1cfdfb1c-eaa5-4bd3-af04-1940f815e4dd_gaHJ3MQP_N
پژو 206 تیپ ۲,۱۳۸۹ - ۲۰۱۰,۳۵۰۰۰۰,"۷۳۹,۰۰۰,۰۰۰ تومان",۶ ماه,دنده‌ای,سالم و پلمپ,سالم,سالم و بی‌خط و خش,سالم و پلمپ,https://divar.ir/v/%D9%BE%DA%98%D9%88-%DB%B2%DB%B0%DB%B6-%DA%A9%D9%85-%DA%A9%D8%A7%D8%B1-%D8%AF%D8%B1-%D8%AD%D8%AF-%D8%B4%D8%A7%D8%B3%DB%8C-%D9%BE%D9%84%D9%85%D9%BE/gaAslY-_?tracker_session_id=1cfdfb1c-eaa5-4bd3-af04-1940f815e4dd_gaAslY-__N
پژو 206 تیپ ۲,۱۳۸۹ - ۲۰۱۰,۲۴۵۰۰۰,"۷۹۰,۰۰۰,۰۰۰ تومان",۱۱ ماه,دنده‌ای,سالم و پلمپ,سالم,رنگ‌شدگی در ۱ ناحیه,سالم و پلمپ,https://divar.ir/v/%DB%B2%DB%B0%DB%B6-%D8%AA%DB%8C%D9%BE-%DB%B2/gaBNDqrl?tracker_session_id=1cfdfb1c-eaa5-4bd3-af04-1940f815e4dd_gaBNDqrl_N
پژو 206 تیپ ۲,۱۳۸۹ - ۲۰۱۰,۲۶۰۰۰۰,"۸۱۵,۰۰۰,۰۰۰ تومان",۱۰ ماه,دنده‌ای,سالم و پلمپ,سالم,سالم و بی‌خط و خش,سالم و پلمپ,https://divar.ir/v/%D9%BE%DA%98%D9%88-%DB%B2%DB%B0%DB%B6-%D8%AA%DB%8C%D9%BE-%DB%B2-%D9%85%D8%AF%D9%84-%DB%B8%DB%B9-%D9%81%D9%88%D8%B1%DB%8C-%D8%B2%DB%8C%D8%B1-%D9%82%DB%8C%D9%85%D8%AA/gaukEl-X?tracker_session_id=1cfdfb1c-eaa5-4bd3-af04-1940f815e4dd_gaukEl-X_N
پژو 206 تیپ ۲,۱۳۹۷ - ۲۰۱۸,۱۳۰,"۱,۵۵۰,۰۰۰,۰۰۰ تومان",,دنده‌ای,سالم و پلمپ,سالم,سالم و بی‌خط و خش,سالم و پلمپ,https://divar.ir/v/%DB%B2%DB%B0%DB%B6%D8%AA%DB%8C%D9%BE-%DB%B2-%D9%85%D8%AF%D9%84-%DB%B9%DB%B7/gaH1G9Ed?tracker_session_id=1cfdfb1c-eaa5-4bd3-af04-1940f815e4dd_gaH1G9Ed_N
پژو 206 تیپ ۲,۱۳۸۴ - ۲۰۰۵,۳۱۴۰۰۰,"۶۳۵,۰۰۰,۰۰۰ تومان",۴ ماه,دنده‌ای,سالم و پلمپ,سالم,خط و خش جزیی,سالم و پلمپ,https://divar.ir/v/%DB%B2%DB%B0%DB%B6-%D8%AA%DB%8C%D9%BE-%DB%B2-%D8%B3%D8%A7%D9%84%D9%85-%D9%85%D8%AF%D9%84-%DB%B8%DB%B4/gaHFHQVH?tracker_session_id=1cfdfb1c-eaa5-4bd3-af04-1940f815e4dd_gaHFHQVH_N
پژو 206 تیپ ۳,۱۳۹۶ - ۲۰۱۷,۱۹۰۰۰۰,"۹۲۵,۰۰۰,۰۰۰ تومان",۱۲ ماه,دنده‌ای,سالم و پلمپ,سالم,سالم و بی‌خط و خش,سالم و پلمپ,https://divar.ir/v/%D9%85%D8%AF%D9%84-%DB%B9%DB%B6%D8%A8%DB%8C-%D8%B1%D9%86%DA%AF-tu3/gaGVxvtq?tracker_session_id=1cfdfb1c-eaa5-4bd3-af04-1940f815e4dd_gaGVxvtq_N
پژو 206 SD V8,۱۳۹۵ - ۲۰۱۶,۲۰۰۰۰۰,"۱,۱۸۹,۰۰۰,۰۰۰ تومان",۸ ماه,دنده‌ای,سالم و پلمپ,سالم,سالم و بی‌خط و خش,سالم و پلمپ,https://divar.ir/v/%D9%BE%DA%98%D9%88-sd-tu5/ga34Zwcq?tracker_session_id=1cfdfb1c-eaa5-4bd3-af04-1940f815e4dd_ga34Zwcq_N
پژو 206 تیپ ۲,۱۳۹۷ - ۲۰۱۸,۱۹۳۰۰۰,"۱,۱۴۰,۰۰۰,۰۰۰ تومان",۶ ماه,دنده‌ای,سالم و پلمپ,سالم,سالم و بی‌خط و خش,سالم و پلمپ,https://divar.ir/v/206-%D9%85%D8%AF%D9%84-1397-%D8%AA%DB%8C%D9%BE-%DB%B2-%D8%A8%DB%8C%D8%B1%D9%86%DA%AF/gaHZX8Ru?tracker_session_id=1cfdfb1c-eaa5-4bd3-af04-1940f815e4dd_gaHZX8Ru_N
پژو 206 SD V8,۱۳۹۴ - ۲۰۱۵,۱۷۶۰۰۰,"۱,۱۳۵,۰۰۰,۰۰۰ تومان",۶ ماه,دنده‌ای,سالم و پلمپ,سالم,سالم و بی‌خط و خش,سالم و پلمپ,https://divar.ir/v/%D9%BE%DA%98%D9%88-sd206-%D9%85%D8%AF%D9%8494-v8%D8%A8%DB%8C%D8%B1%D9%86%DA%AF/gaHZG-vT?tracker_session_id=1cfdfb1c-eaa5-4bd3-af04-1940f815e4dd_gaHZG-vT_N
پژو 206 تیپ ۵,۱۳۹۴ - ۲۰۱۵,۱۸۸۰۰۰,"۴۰۰,۰۰۰,۰۰۰ تومان",,دنده‌ای,,سالم,تصادفی,سالم و پلمپ,https://divar.ir/v/gaHZWPi3?tracker_session_id=1cfdfb1c-eaa5-4bd3-af04-1940f815e4dd_gaHZWPi3_N
پژو 206 تیپ ۵,۱۳۹۴ - ۲۰۱۵,۱۳۴۰۰۰,"۱,۳۵۰,۰۰۰,۰۰۰ تومان",۶ ماه,دنده‌ای,سالم و پلمپ,سالم,سالم و بی‌خط و خش,سالم و پلمپ,https://divar.ir/v/%D9%BE%DA%98%D9%88-%DB%B2%DB%B0%DB%B6-sd%D8%AA%DB%8C%D9%BE-%DB%B5/gaH5FRf8?tracker_session_id=1cfdfb1c-eaa5-4bd3-af04-1940f815e4dd_gaH5FRf8_N
پژو 206 تیپ ۲,۱۳۹۷ - ۲۰۱۸,۱۴۰۰۰۰,"۹۸۵,۰۰۰,۰۰۰ تومان",۷ ماه,دنده‌ای,سالم و پلمپ,سالم,سالم و بی‌خط و خش,سالم و پلمپ,https://divar.ir/v/%D9%BE%DA%98%D9%88-%DB%B2%DB%B0%DB%B6-%D9%85%D8%AF%D9%84%DB%B1%DB%B3%DB%B9%DB%B7-%D9%81%D9%88%D9%82-%D8%A7%D9%84%D8%B9%D8%A7%D8%AF%D9%87-%D8%B3%D8%A7%D9%84%D9%85-%DA%A9%D9%85-%DA%A9%D8%A7%D8%B1-%DA%A9%D8%B1%D8%AF/gaHtVaTW?tracker_session_id=1cfdfb1c-eaa5-4bd3-af04-1940f815e4dd_gaHtVaTW_N
پژو 206 تیپ ۲,۱۳۸۳ - ۲۰۰۴,۴۸۰۰۰۰,"۴۸۰,۰۰۰,۰۰۰ تومان",,دنده‌ای,سالم و پلمپ,سالم,رنگ‌شدگی در ۲ ناحیه,سالم و پلمپ,https://divar.ir/v/%DB%B2%DB%B0%DB%B6%D8%AA%DB%8C%D9%BE-%DB%B2%D9%85%D8%AF%D9%84%DB%B8%DB%B3/gaEl76Pd?tracker_session_id=1cfdfb1c-eaa5-4bd3-af04-1940f815e4dd_gaEl76Pd_N
پژو 206 تیپ ۵,۱۳۹۴ - ۲۰۱۵,۱۸۴۰۰۰,"۱,۱۵۰,۰۰۰,۰۰۰ تومان",,دنده‌ای,سالم و پلمپ,سالم,سالم و بی‌خط و خش,سالم و پلمپ,https://divar.ir/v/206-%D8%AA%DB%8C%D9%BE-%DB%B5-%D8%A8%DB%8C-%D8%B1%D9%86%DA%AF/gaHBHt-p?tracker_session_id=1cfdfb1c-eaa5-4bd3-af04-1940f815e4dd_gaHBHt-p_N
پژو 206 تیپ ۲,۱۳۸۶ - ۲۰۰۷,۲۲۰۰۰۰,"۶۴۰,۰۰۰,۰۰۰ تومان",۱۲ ماه,دنده‌ای,سالم و پلمپ,سالم,سالم و بی‌خط و خش,سالم و پلمپ,https://divar.ir/v/%DB%B2%DB%B0%DB%B6-%D9%85%D8%AF%D9%84-%DB%B8%DB%B6-%D9%86%D9%82%D8%AF-%D9%88-%D8%A7%D9%82%D8%B3%D8%A7%D8%B7/gaDF5Q-x?tracker_session_id=1cfdfb1c-eaa5-4bd3-af04-1940f815e4dd_gaDF5Q-x_N
پژو 206 تیپ ۲,۱۳۸۹ - ۲۰۱۰,۴۰۰۰۰۰,"۶۵۰,۰۰۰,۰۰۰ تومان",۳ ماه,دنده‌ای,سالم و پلمپ,نیاز به تعمیر,رنگ‌شدگی در ۱ ناحیه,سالم و پلمپ,https://divar.ir/v/206-%D9%85%D8%AF%D9%84-89/gaH9msu5?tracker_session_id=1cfdfb1c-eaa5-4bd3-af04-1940f815e4dd_gaH9msu5_N
پژو 206 تیپ ۲,۱۳۸۵ - ۲۰۰۶,۴۳۷۰۰۰,"۶۹۵,۰۰۰,۰۰۰ تومان",۱۰ ماه,دنده‌ای,سالم و پلمپ,سالم,خط و خش جزیی,سالم و پلمپ,https://divar.ir/v/206-%D8%AA%DB%8C%D9%BE-%DB%B2/gaHB3sPB?tracker_session_id=1cfdfb1c-eaa5-4bd3-af04-1940f815e4dd_gaHB3sPB_N
پژو 206 تیپ ۲,۱۳۹۹ - ۲۰۲۰,۱۰۵۰۰۰,"۱,۰۵۰,۰۰۰,۰۰۰ تومان",۶ ماه,دنده‌ای,سالم و پلمپ,سالم,خط و خش جزیی,سالم و پلمپ,https://divar.ir/v/206-%D9%85%D8%AF%D9%84-%DB%B9%DB%B9/gaHhVMTU?tracker_session_id=1cfdfb1c-eaa5-4bd3-af04-1940f815e4dd_gaHhVMTU_N
پژو 206 SD V8,۱۳۹۷ - ۲۰۱۸,۱۸۰۰۰,"۱,۴۸۰,۰۰۰,۰۰۰ تومان",,دنده‌ای,سالم و پلمپ,سالم,سالم و بی‌خط و خش,سالم و پلمپ,https://divar.ir/v/%DB%B2%DB%B0%DB%B6sd-%D9%85%D8%AF%D9%84%DB%B9%DB%B7/gaHVXoiX?tracker_session_id=1cfdfb1c-eaa5-4bd3-af04-1940f815e4dd_gaHVXoiX_N
پژو 206 تیپ ۲,۱۳۸۲ - ۲۰۰۳,۳۸۰۰۰۰,"۵۹۵,۰۰۰,۰۰۰ تومان",۶ ماه,دنده‌ای,سالم و پلمپ,سالم,سالم و بی‌خط و خش,تعیین‌نشده,https://divar.ir/v/206-%D8%AA%DB%8C%D9%BE-2-%D9%85%D8%AF%D9%84-82-%D8%AA%D9%85%DB%8C%D8%B2-%D9%81%D9%86%DB%8C-%D8%A8%D9%87-%D8%B4%D8%AF%D8%AA-%D8%B3%D8%A7%D9%84%D9%85-%DA%A9%D9%88%D9%84%D8%B1-%D8%B3%D8%A7%D9%84%D9%85/gaAVtpJ-?tracker_session_id=1cfdfb1c-eaa5-4bd3-af04-1940f815e4dd_gaAVtpJ-_N
پژو 206 تیپ ۲,۱۳۹۰ - ۲۰۱۱,۲۶۹۰۰۰,"۷۹۰,۰۰۰,۰۰۰ تومان",۸ ماه,دنده‌ای,سالم و پلمپ,سالم,رنگ‌شدگی در ۲ ناحیه,سالم و پلمپ,https://divar.ir/v/206-%D9%85%D8%AF%D9%84-90/gae0aAQM?tracker_session_id=1cfdfb1c-eaa5-4bd3-af04-1940f815e4dd_gae0aAQM_N
پژو 206 تیپ ۳,۱۳۸۸ - ۲۰۰۹,۲۰۲۰۰۰,"۸۶۰,۰۰۰,۰۰۰ تومان",۱۲ ماه,دنده‌ای,سالم و پلمپ,سالم,سالم و بی‌خط و خش,سالم و پلمپ,https://divar.ir/v/%D9%BE%DA%98%D9%88-206-%D8%AA%DB%8C%D9%BE-3-%D8%A8%DB%8C-%D8%B1%D9%86%DA%AF-%D9%85%D8%AF%D9%84-88/gaCV1Ioz?tracker_session_id=1cfdfb1c-eaa5-4bd3-af04-1940f815e4dd_gaCV1Ioz_N
پژو 206 SD V2,۱۳۹۰ - ۲۰۱۱,۴۱۴۰۰۰,"۹۱۰,۰۰۰,۰۰۰ تومان",۷ ماه,دنده‌ای,سالم و پلمپ,سالم,سالم و بی‌خط و خش,سالم و پلمپ,https://divar.ir/v/%DB%B2%DB%B0%DB%B6-%D8%A7%D8%B3-%D8%AF%DB%8C/gaH5meOR?tracker_session_id=1cfdfb1c-eaa5-4bd3-af04-1940f815e4dd_gaH5meOR_N
پژو 206 تیپ ۵,۱۳۹۵ - ۲۰۱۶,۱۹۰۰۰۰,"۱,۱۰۰,۰۰۰,۰۰۰ تومان",۱۲ ماه,دنده‌ای,سالم و پلمپ,سالم,رنگ‌شدگی در ۳ ناحیه,سالم و پلمپ,https://divar.ir/v/%D9%BE%DA%98%D9%88-206-%D8%AA%DB%8C%D9%BE-5-%D9%85%D8%AF%D9%84-95-%D8%B7%D9%88%D8%B3%DB%8C/gaFxiPV1?tracker_session_id=1cfdfb1c-eaa5-4bd3-af04-1940f815e4dd_gaFxiPV1_N
پژو 206 تیپ ۲,۱۴۰۰ - ۲۰۲۱,۶۷۰۰۰,"۱,۳۰۰,۰۰۰ تومان",۲ ماه,دنده‌ای,سالم و پلمپ,سالم,سالم و بی‌خط و خش,سالم و پلمپ,https://divar.ir/v/%DB%B2%DB%B0%DB%B6-%D8%AA%DB%8C%D9%BE%DB%B2-%D9%85%D8%AF%D9%84%DB%B1%DB%B4%DB%B0%DB%B0/gaHJmZFJ?tracker_session_id=1cfdfb1c-eaa5-4bd3-af04-1940f815e4dd_gaHJmZFJ_N
پژو 206 تیپ ۵,۱۳۹۳ - ۲۰۱۴,۲۱۰۰۰۰,"۸۹۰,۰۰۰,۰۰۰ تومان",۴ ماه,دنده‌ای,,سالم,رنگ‌شدگی در ۲ ناحیه,سالم و پلمپ,https://divar.ir/v/%D9%81%D8%B1%D9%88%D8%B4-%D8%AE%D9%88%D8%AF%D8%B1%D9%88/gawsOANc?tracker_session_id=1cfdfb1c-eaa5-4bd3-af04-1940f815e4dd_gawsOANc_N
پژو 206 تیپ ۳,۱۳۸۵ - ۲۰۰۶,۲۵۳۰۰۰,"۵۶۰,۰۰۰,۰۰۰ تومان",۵ ماه,دنده‌ای,,سالم,دوررنگ,سالم و پلمپ,https://divar.ir/v/206%D8%AA%DB%8C%D9%BE-3/gaHZHJ_a?tracker_session_id=1cfdfb1c-eaa5-4bd3-af04-1940f815e4dd_gaHZHJ_a_N
پژو 206 تیپ ۲,۱۴۰۰ - ۲۰۲۱,۱۴۲۰۰۰,"۱,۲۶۰,۰۰۰,۰۰۰ تومان",۱۱ ماه,دنده‌ای,سالم و پلمپ,سالم,رنگ‌شدگی در ۱ ناحیه,سالم و پلمپ,https://divar.ir/v/%D9%BE%DA%98%D9%88-%DB%B2%DB%B0%DB%B6-%D8%AA%DB%8C%D9%BE-%DB%B2-%D9%85%D8%AF%D9%84-%DB%B1%DB%B4%DB%B0%DB%B0/gaHJGrg4?tracker_session_id=1cfdfb1c-eaa5-4bd3-af04-1940f815e4dd_gaHJGrg4_N
پژو 206 تیپ ۲,۱۳۹۰ - ۲۰۱۱,۲۳۰۰۰۰,"۸۸۰,۰۰۰,۰۰۰ تومان",۴ ماه,دنده‌ای,سالم و پلمپ,سالم,خط و خش جزیی,سالم و پلمپ,https://divar.ir/v/%D8%AE%D9%88%D8%AF%D8%B1%D9%88%DB%8C-%DB%B2%DB%B0%DB%B6-%D8%AA%DB%8C%D9%BE-%D8%AF%D9%88-%D9%81%D8%B1%D8%A7%D9%86%D8%B3%D9%88%DB%8C-%D8%AA%D9%85%DB%8C%D8%B2-%DA%A9%D9%85-%DA%A9%D8%A7%D8%B1-%DA%A9%D8%A7%D8%B1%D9%85%D9%86%D8%AF%DB%8C/gaENQV-A?tracker_session_id=1cfdfb1c-eaa5-4bd3-af04-1940f815e4dd_gaENQV-A_N
پژو 206 تیپ ۳,۱۳۹۷ - ۲۰۱۸,۱۳۹۰۰۰,"۱,۰۲۰,۰۰۰,۰۰۰ تومان",۱۰ ماه,دنده‌ای,سالم و پلمپ,سالم,سالم و بی‌خط و خش,سالم و پلمپ,https://divar.ir/v/206-%D9%85%D8%AF%D9%84-97-%D8%AA%DB%8C%D9%88-3-%D8%AA%D9%85%DB%8C%D8%B2-%D9%81%D8%B1%D9%88%D8%B4-%DB%8C%D8%A7-%D9%85%D8%B9%D8%A7%D9%88%D8%B6%D9%87-%D8%A8%D8%A7-207/ga78YNd5?tracker_session_id=1cfdfb1c-eaa5-4bd3-af04-1940f815e4dd_ga78YNd5_N
پژو 206 SD V8,۱۳۹۳ - ۲۰۱۴,۲۶۸۰۰۰,"۱,۰۶۰,۰۰۰,۰۰۰ تومان",۱۲ ماه,دنده‌ای,سالم و پلمپ,سالم,سالم و بی‌خط و خش,سالم و پلمپ,https://divar.ir/v/%D9%BE%DA%98%D9%88-sd-206-%D9%85%D8%AF%D9%84-%DB%B9%DB%B3-%D9%82%D9%88%DA%86%D8%A7%D9%86/ga5EIdUy?tracker_session_id=1cfdfb1c-eaa5-4bd3-af04-1940f815e4dd_ga5EIdUy_N
پژو 206 تیپ ۲,۱۳۸۸ - ۲۰۰۹,۱۸۰۰۰۰,"۴۲۰,۰۰۰,۰۰۰ تومان",۹ ماه,دنده‌ای,,نیاز به تعمیر,خط و خش جزیی,سالم و پلمپ,https://divar.ir/v/%D9%85%D8%A7%D8%B4%DB%8C%D9%86-%DB%B2%DB%B0%DB%B6-%D9%85%D8%AF%D9%84-%DB%B8%DB%B8-%D8%AA%D8%B5%D8%A7%D8%AF%D9%81%DB%8C/gaHdVKwg?tracker_session_id=1cfdfb1c-eaa5-4bd3-af04-1940f815e4dd_gaHdVKwg_N
پژو 206 تیپ ۲,۱۴۰۱ - ۲۰۲۲,۷۰۰۰۰,"۱,۳۳۵,۰۰۰,۰۰۰ تومان",۵ ماه,دنده‌ای,سالم و پلمپ,سالم,سالم و بی‌خط و خش,سالم و پلمپ,https://divar.ir/v/206-%D8%AA%DB%8C%D9%BE-%DB%B2-1401/gaHFW5pk?tracker_session_id=1cfdfb1c-eaa5-4bd3-af04-1940f815e4dd_gaHFW5pk_N
پژو 206 تیپ ۵,۱۳۹۲ - ۲۰۱۳,۱۰۰۰۰۰۰,"۸۰۰,۰۰۰,۰۰۰ تومان",,دنده‌ای,,سالم,سالم و بی‌خط و خش,تعیین‌نشده,https://divar.ir/v/%DB%B2%DB%B0%DB%B6-%D8%AA%DB%8C%D9%BE-%DB%B5/gaHRHu8G?tracker_session_id=1cfdfb1c-eaa5-4bd3-af04-1940f815e4dd_gaHRHu8G_N
پژو 206 تیپ ۲,۱۳۸۲ - ۲۰۰۳,۲۹۰۰۰۰,"۵۴۰,۰۰۰,۰۰۰ تومان",۱۱ ماه,دنده‌ای,سالم و پلمپ,تعویض شده,تمام‌رنگ,سالم و پلمپ,https://divar.ir/v/%DB%B2%DB%B0%DB%B6-%D8%AA%DB%8C%D9%BE-%DB%B2-%D9%85%D8%AF%D9%84-%DB%B8%DB%B2/gaHZ3DKM?tracker_session_id=1cfdfb1c-eaa5-4bd3-af04-1940f815e4dd_gaHZ3DKM_N
پژو 206 تیپ ۲,۱۳۹۹ - ۲۰۲۰,۱۰۳۰۰۰,"۱,۱۵۰,۰۰۰,۰۰۰ تومان",۷ ماه,دنده‌ای,سالم و پلمپ,سالم,سالم و بی‌خط و خش,سالم و پلمپ,https://divar.ir/v/%D9%BE%DA%98%D9%88-%DB%B2%DB%B0%DB%B6-%D8%AA%DB%8C%D9%BE-%DB%B2%DB%B2-%D9%85%D8%AF%D9%84-%D8%A2%D8%AE%D8%B1-%DB%B9%DB%B9/gaEBPhWF?tracker_session_id=1cfdfb1c-eaa5-4bd3-af04-1940f815e4dd_gaEBPhWF_N
پژو 206 تیپ ۳,۱۳۹۷ - ۲۰۱۸,۱۹۰۰۰۰,"۹۸۰,۰۰۰,۰۰۰ تومان",۱۰ ماه,دنده‌ای,,سالم,رنگ‌شدگی در ۱ ناحیه,تعیین‌نشده,https://divar.ir/v/%D9%81%D8%B1%D9%88%D8%B4-%D9%81%D9%88%D8%B1%DB%8C-%DB%B2%DB%B0%DB%B6-%D9%85%D8%AF%D9%84-%DB%B9%DB%B7/gaHN2p7l?tracker_session_id=1cfdfb1c-eaa5-4bd3-af04-1940f815e4dd_gaHN2p7l_N
پژو 206 تیپ ۲,۱۳۹۶ - ۲۰۱۷,۱۲۳۰۰۰,"۱,۰۱۹,۰۰۰,۰۰۰ تومان",۵ ماه,دنده‌ای,سالم و پلمپ,سالم,سالم و بی‌خط و خش,سالم و پلمپ,https://divar.ir/v/%DB%B2%DB%B0%DB%B6-%D8%AA%DB%8C%D9%BE%DB%B2-%D9%85%D8%AF%D9%84-%DB%B9%DB%B6/gaG1Dd7v?tracker_session_id=1cfdfb1c-eaa5-4bd3-af04-1940f815e4dd_gaG1Dd7v_N
پژو 206 SD V19,۱۳۸۸ - ۲۰۰۹,۳۲۰۰۰۰,"۶۷۰,۰۰۰,۰۰۰ تومان",۸ ماه,دنده‌ای,سالم و پلمپ,سالم,رنگ‌شدگی در ۲ ناحیه,سالم و پلمپ,https://divar.ir/v/%D9%BE%DA%98%D9%88-206%D8%A7%D8%B3-%D8%AF%DB%8C/gaHRWogM?tracker_session_id=1cfdfb1c-eaa5-4bd3-af04-1940f815e4dd_gaHRWogM_N
پژو 206 تیپ ۵,۱۳۹۹ - ۲۰۲۰,۱۱۰۰۰۰,"۱,۳۵۰,۰۰۰,۰۰۰ تومان",۹ ماه,دنده‌ای,سالم و پلمپ,سالم,خط و خش جزیی,سالم و پلمپ,https://divar.ir/v/206%D9%85%D8%AF%D9%8499%D8%AA%DB%8C%D9%BE5/gaHBGQLo?tracker_session_id=1cfdfb1c-eaa5-4bd3-af04-1940f815e4dd_gaHBGQLo_N
پژو 206 تیپ ۲,۱۳۹۰ - ۲۰۱۱,۳۶۰۰۰۰,"۶۶۵,۰۰۰,۰۰۰ تومان",,دنده‌ای,سالم و پلمپ,سالم,رنگ‌شدگی در ۲ ناحیه,سالم و پلمپ,https://divar.ir/v/%D9%BE%DA%98%D9%88-%DB%B2%DB%B0%DB%B6-%D8%AA%DB%8C%D9%BE%DB%B2/gaw4xlkZ?tracker_session_id=1cfdfb1c-eaa5-4bd3-af04-1940f815e4dd_gaw4xlkZ_N
پژو 206 SD V8,۱۳۹۶ - ۲۰۱۷,۱۵۶۰۰۰,"۱,۲۸۰,۰۰۰,۰۰۰ تومان",۸ ماه,دنده‌ای,سالم و پلمپ,سالم,رنگ‌شدگی در ۱ ناحیه,سالم و پلمپ,https://divar.ir/v/%D9%BE%DA%98%D9%88-%DB%B2%DB%B0%DB%B6-sd-v8-%D9%85%D8%AF%D9%84-%DB%B9%DB%B6/gayADrO4?tracker_session_id=1cfdfb1c-eaa5-4bd3-af04-1940f815e4dd_gayADrO4_N
پژو 206 تیپ ۵,۱۳۹۷ - ۲۰۱۸,۱۳۵,"۱۰,۰۰۰ تومان",۷ ماه,دنده‌ای,سالم و پلمپ,سالم,سالم و بی‌خط و خش,سالم و پلمپ,https://divar.ir/v/%D9%81%D8%B1%D9%88%D8%B4-%DB%B2%DB%B0%DB%B6-%D8%B5%D9%86%D8%AF%D9%88%D9%82-%D8%AF%D8%A7%D8%B1-sd/gazUK6uf?tracker_session_id=1cfdfb1c-eaa5-4bd3-af04-1940f815e4dd_gazUK6uf_N
پژو 206 تیپ ۲,۱۳۸۰ - ۲۰۰۱,۴۰۰۰۰۰,"۵۳۰,۰۰۰,۰۰۰ تومان",۶ ماه,دنده‌ای,سالم و پلمپ,تعویض شده,دوررنگ,سالم و پلمپ,https://divar.ir/v/206-%D8%AA%DB%8C%D8%A8-2/gaHZ3AsB?tracker_session_id=1cfdfb1c-eaa5-4bd3-af04-1940f815e4dd_gaHZ3AsB_N
پژو 206 تیپ ۵,۱۳۹۶ - ۲۰۱۷,۱۳۵۰۰۰,"۱,۱۵۰,۰۰۰,۰۰۰ تومان",,دنده‌ای,سالم و پلمپ,سالم,سالم و بی‌خط و خش,سالم و پلمپ,https://divar.ir/v/%DB%B2%DB%B0%DB%B6-%D8%AE%D8%A7%DA%A9%D8%B3%D8%AA%D8%B1%DB%8C-%D9%85%D8%AA%D8%A7%D9%84%DB%8C%DA%A9-%D8%B9%D8%B1%D9%88%D8%B3%DA%A9/gaHdnKhF?tracker_session_id=1cfdfb1c-eaa5-4bd3-af04-1940f815e4dd_gaHdnKhF_N
پژو 206 تیپ ۵,۱۳۹۳ - ۲۰۱۴,۲۵۳۰۰۰,"۹۶۵,۰۰۰,۰۰۰ تومان",,دنده‌ای,سالم و پلمپ,سالم,سالم و بی‌خط و خش,سالم و پلمپ,https://divar.ir/v/%DB%B2%DB%B0%DB%B6-%D8%AA%DB%8C%D9%BE-%DB%B5-%D9%85%D8%AF%D9%84-%DB%B1%DB%B3%DB%B9%DB%B3/gaHZV6zW?tracker_session_id=1cfdfb1c-eaa5-4bd3-af04-1940f815e4dd_gaHZV6zW_N
پژو 206 تیپ ۳,۱۳۸۲ - ۲۰۰۳,۴۲۰۰۰۰,"۴۴۰,۰۰۰,۰۰۰ تومان",۸ ماه,دنده‌ای,سالم و پلمپ,سالم,سالم و بی‌خط و خش,سالم و پلمپ,https://divar.ir/v/%D9%BE%DA%98%D9%88-%DB%B2%DB%B0%DB%B6-%D9%85%D8%AF%D9%84-%DB%B8%DB%B2/ga0QOsca?tracker_session_id=1cfdfb1c-eaa5-4bd3-af04-1940f815e4dd_ga0QOsca_N
پژو 206 SD V20,۱۳۹۰ - ۲۰۱۱,۱۶۰۰۰۰,"۹۸۵,۰۰۰,۰۰۰ تومان",۳ ماه,دنده‌ای,سالم و پلمپ,سالم,سالم و بی‌خط و خش,سالم و پلمپ,https://divar.ir/v/206-sd-v20/gaHhWHQV?tracker_session_id=1cfdfb1c-eaa5-4bd3-af04-1940f815e4dd_gaHhWHQV_N
پژو 206 تیپ ۲,۱۳۸۱ - ۲۰۰۲,۳۷۰۰۰۰,"۴۰۳,۰۰۰,۰۰۰ تومان",۹ ماه,دنده‌ای,سالم و پلمپ,سالم,دوررنگ,ضربه‌خورده,https://divar.ir/v/%DB%B2%DB%B0%DB%B6-%D8%AA%DB%8C%D9%BE-%DB%B2-%D9%85%D8%B4%DA%A9%DB%8C-%D8%B4%D8%A7%D8%B3%DB%8C-%D8%B3%D8%A7%D9%84%D9%85-%D8%B1%DB%8C%D9%85%D9%BE-%D8%B4%D8%AF%D9%87/gaHxmSrF?tracker_session_id=1cfdfb1c-eaa5-4bd3-af04-1940f815e4dd_gaHxmSrF_N
پژو 206 تیپ ۵,۱۳۹۹ - ۲۰۲۰,۱۰۴۰۰۰,"۸۹۵,۰۰۰,۰۰۰ تومان",۴ ماه,دنده‌ای,سالم و پلمپ,سالم,سالم و بی‌خط و خش,تعیین‌نشده,https://divar.ir/v/%DB%B2%DB%B0%DB%B6-%D9%85%D8%AF%D9%84-%DB%B9%DB%B9%D8%AA%DB%8C%D9%BE-%DB%B5/gaHBn8Xp?tracker_session_id=1cfdfb1c-eaa5-4bd3-af04-1940f815e4dd_gaHBn8Xp_N
پژو 206 تیپ ۶,۱۳۸۹ - ۲۰۱۰,۱۲۴۰۰۰,"۱,۱۰۰,۰۰۰,۰۰۰ تومان",۵ ماه,اتوماتیک,سالم و پلمپ,سالم,خط و خش جزیی,سالم و پلمپ,https://divar.ir/v/%D9%BE%DA%98%D9%88-%DB%B2%DB%B0%DB%B6-%D8%AA%DB%8C%D9%BE-%DB%B6-%D8%A8%D8%B3%DB%8C%D8%A7%D8%B1-%D8%AA%D9%85%DB%8C%D8%B2/gaHdWbiT?tracker_session_id=1cfdfb1c-eaa5-4bd3-af04-1940f815e4dd_gaHdWbiT_N
پژو 206 تیپ ۲,۱۴۰۰ - ۲۰۲۱,۶۶۰۰۰,"۱,۲۷۰,۰۰۰,۰۰۰ تومان",۱ ماه,دنده‌ای,سالم و پلمپ,سالم,سالم و بی‌خط و خش,سالم و پلمپ,https://divar.ir/v/%DB%B2%DB%B0%DB%B6-%D8%AA%DB%8C%D9%BE-%DB%B2/gaHlGf73?tracker_session_id=1cfdfb1c-eaa5-4bd3-af04-1940f815e4dd_gaHlGf73_N
پژو 206 تیپ ۵,۱۳۸۲ - ۲۰۰۳,۴۰۰۰۰۰,"۷۱۵,۰۰۰,۰۰۰ تومان",۱۰ ماه,دنده‌ای,سالم و پلمپ,سالم,دوررنگ,ضربه‌خورده,https://divar.ir/v/%D8%AA%DB%8C%D9%BE-5%D9%BE%D9%86%D8%AC-%DB%B2%DB%B0%DB%B6-%D9%81%D9%88%D9%84-%D9%84%D9%88%D8%A7%D8%B2%D9%85%DB%8C-%DB%B1%DB%B5%DB%B0%D8%A7%D8%B3%D8%A8-%D9%85%D8%AF%D9%84%DB%B8%DB%B2-%D9%86%D9%82%D8%AF-%D9%88-%D8%A7%D9%82%D8%B3%D8%A7%D8%B7/gasAok7n?tracker_session_id=1cfdfb1c-eaa5-4bd3-af04-1940f815e4dd_gasAok7n_N
پژو 206 تیپ ۲,۱۳۸۳ - ۲۰۰۴,۵۰۰۰۰۰,"۴۶۰,۰۰۰,۰۰۰ تومان",۱۱ ماه,دنده‌ای,سالم و پلمپ,سالم,دوررنگ,سالم و پلمپ,https://divar.ir/v/%DB%B2%DB%B0%DB%B6%D8%AA%DB%8C%D9%BE%DB%B2/ga6oUtTI?tracker_session_id=1cfdfb1c-eaa5-4bd3-af04-1940f815e4dd_ga6oUtTI_N
پژو 206 تیپ ۶,۱۳۸۷ - ۲۰۰۸,۳۵۰۰۰۰,"۸۵۰,۰۰۰,۰۰۰ تومان",۱۲ ماه,اتوماتیک,,سالم,دوررنگ,سالم و پلمپ,https://divar.ir/v/206-%D8%AA%DB%8C%D9%BE-6-%D8%AF%D9%86%D8%AF%D9%87-%D8%A7%D8%AA%D9%88%D9%85%D8%A7%D8%AA/gaw4Pgv8?tracker_session_id=1cfdfb1c-eaa5-4bd3-af04-1940f815e4dd_gaw4Pgv8_N
پژو 206 تیپ ۲,۱۳۸۲ - ۲۰۰۳,۴۶۶۰۰۰,"۵۳۰,۰۰۰,۰۰۰ تومان",۵ ماه,دنده‌ای,سالم و پلمپ,سالم,دوررنگ,سالم و پلمپ,https://divar.ir/v/%DB%B2%DB%B0%DB%B6%D8%AA%DB%8C%D9%BE-%DB%B2-%D9%85%D8%AF%D9%84-%DB%B8%DB%B2/gaHl2FHA?tracker_session_id=1cfdfb1c-eaa5-4bd3-af04-1940f815e4dd_gaHl2FHA_N
پژو 206 SD V8,۱۳۹۳ - ۲۰۱۴,۷۴۰۰۰,"۱,۲۸۰,۰۰۰,۰۰۰ تومان",۱ ماه,دنده‌ای,سالم و پلمپ,سالم,سالم و بی‌خط و خش,سالم و پلمپ,https://divar.ir/v/206-%D8%A7%D8%B3-%D8%AF%DB%8C-v8/gaAdfE7O?tracker_session_id=1cfdfb1c-eaa5-4bd3-af04-1940f815e4dd_gaAdfE7O_N
پژو 206 تیپ ۲,۱۴۰۰ - ۲۰۲۱,۸۴۰۰۰,"۱,۲۶۰,۰۰۰,۰۰۰ تومان",۸ ماه,دنده‌ای,سالم و پلمپ,سالم,سالم و بی‌خط و خش,سالم و پلمپ,https://divar.ir/v/206%D8%AA%DB%8C%D9%BE-%D8%AF%D9%88-1400/gaHpWsqg?tracker_session_id=1cfdfb1c-eaa5-4bd3-af04-1940f815e4dd_gaHpWsqg_N
پژو 206 تیپ ۳,۱۳۹۷ - ۲۰۱۸,۹۵۰۰۰,"۹۸۰,۰۰۰,۰۰۰ تومان",۸ ماه,دنده‌ای,سالم و پلمپ,سالم,سالم و بی‌خط و خش,سالم و پلمپ,https://divar.ir/v/%D9%BE%DA%98%D9%88-%D8%B3%D8%A7%D9%84%D9%85-%D8%AA%D9%85%DB%8C%D8%B2-%D8%A8-%D8%B4%D8%B1%D8%B7-%D8%A8%DB%8C-%D8%B1%D9%86%DA%AF/ga9YwhCg?tracker_session_id=1cfdfb1c-eaa5-4bd3-af04-1940f815e4dd_ga9YwhCg_N
پژو 206 SD V8,۱۳۹۰ - ۲۰۱۱,۲۹۰۰۰۰,"۸۷۵,۰۰۰,۰۰۰ تومان",۸ ماه,دنده‌ای,سالم و پلمپ,سالم,دوررنگ,سالم و پلمپ,https://divar.ir/v/sd-v890/ga74PEFv?tracker_session_id=1cfdfb1c-eaa5-4bd3-af04-1940f815e4dd_ga74PEFv_N
پژو 206 تیپ ۲,۱۳۹۰ - ۲۰۱۱,۳۲۰۰۰۰,"۸۳۵,۰۰۰,۰۰۰ تومان",۹ ماه,دنده‌ای,سالم و پلمپ,سالم,سالم و بی‌خط و خش,سالم و پلمپ,https://divar.ir/v/%D9%BE%DA%98%D9%88-%DB%B2%DB%B0%DB%B6-%D9%85%D8%AF%D9%84-%DB%B9%DB%B0-%D9%81%D8%A7%D8%A8%D8%B1%DB%8C%DA%A9/gaGV4R1m?tracker_session_id=1cfdfb1c-eaa5-4bd3-af04-1940f815e4dd_gaGV4R1m_N
پژو 206 تیپ ۲,۱۳۸۲ - ۲۰۰۳,۳۸۰۰۰۰,"۴۵۰,۰۰۰,۰۰۰ تومان",۱۱ ماه,دنده‌ای,سالم و پلمپ,سالم,رنگ‌شدگی در ۳ ناحیه,تعیین‌نشده,https://divar.ir/v/%D9%BE%DA%98%D9%88%DB%B2%DB%B0%DB%B6-%D9%85%D8%AF%D9%84-%DB%B8%DB%B2/gaH1GmDm?tracker_session_id=1cfdfb1c-eaa5-4bd3-af04-1940f815e4dd_gaH1GmDm_N
پژو 206 تیپ ۲,۱۳۹۶ - ۲۰۱۷,۲۲۵۰۰۰,"۹۲۵,۰۰۰,۰۰۰ تومان",۷ ماه,دنده‌ای,سالم و پلمپ,سالم,خط و خش جزیی,سالم و پلمپ,https://divar.ir/v/%DB%B2%DB%B0%DB%B6-%D8%A8%D8%AF%D9%88%D9%86-%D8%B1%D9%86%DA%AF-%D8%AA%DB%8C%D9%BE%DB%B2/gaFBzoQu?tracker_session_id=1cfdfb1c-eaa5-4bd3-af04-1940f815e4dd_gaFBzoQu_N
پژو 206 تیپ ۳,۱۳۹۵ - ۲۰۱۶,۲۸۴۰۰۰,"۷۳۰,۰۰۰,۰۰۰ تومان",۳ ماه,دنده‌ای,سالم و پلمپ,سالم,تمام‌رنگ,ضربه‌خورده,https://divar.ir/v/%D9%BE%DA%98%D9%88-%DB%B2%DB%B0%DB%B6-%D9%85%D8%AF%D9%84-%DB%B9%DB%B5/gaHN34TM?tracker_session_id=1cfdfb1c-eaa5-4bd3-af04-1940f815e4dd_gaHN34TM_N
پژو 206 تیپ ۳,۱۴۰۰ - ۲۰۲۱,۸۱۰۰۰,"۱,۲۵۰,۰۰۰,۰۰۰ تومان",۳ ماه,دنده‌ای,سالم و پلمپ,سالم,سالم و بی‌خط و خش,سالم و پلمپ,https://divar.ir/v/%D9%BE%DA%98%D9%88-%DB%B2%DB%B0%DB%B6-%D8%AA%DB%8C%D9%BE-%DB%B3-%D9%85%D8%AF%D9%84-%DB%B1%DB%B4%DB%B0%DB%B0/gaHR2WLX?tracker_session_id=1cfdfb1c-eaa5-4bd3-af04-1940f815e4dd_gaHR2WLX_N
پژو 206 تیپ ۵,۱۳۹۶ - ۲۰۱۷,۴۵۰۰۰,"۱,۴۳۰,۰۰۰,۰۰۰ تومان",,دنده‌ای,سالم و پلمپ,سالم,سالم و بی‌خط و خش,سالم و پلمپ,https://divar.ir/v/%D9%BE%DA%98%D9%88206-%D8%AA%DB%8C%D9%BE5-%D9%85%D8%AF%D9%8496-%D9%81%D9%82%D8%B7-45%D9%87%D8%B2%D8%A7%D8%B1-%DA%A9%D8%A7%D8%B1%DA%A9%D8%B1%D8%AF-%D8%A8%D8%AF%D9%88%D9%86-%D8%B1%D9%86%DA%AF/gaBFeUm2?tracker_session_id=1cfdfb1c-eaa5-4bd3-af04-1940f815e4dd_gaBFeUm2_N
پژو 206 تیپ ۳,۱۳۸۲ - ۲۰۰۳,۲۰۰۰۰۰,"۵۸۰,۰۰۰,۰۰۰ تومان",,دنده‌ای,,تعویض شده,دوررنگ,سالم و پلمپ,https://divar.ir/v/%D9%BE%DA%98%D9%88%DB%B2%DB%B0%DB%B6%D8%AA%DB%8C%D9%BE%DB%B3/gaBhTVY9?tracker_session_id=1cfdfb1c-eaa5-4bd3-af04-1940f815e4dd_gaBhTVY9_N
پژو 206 تیپ ۲,۱۳۹۰ - ۲۰۱۱,۱۶۰۰۰۰,"۸۲۰,۰۰۰,۰۰۰ تومان",۱۲ ماه,دنده‌ای,تعمیر شده,سالم,رنگ‌شدگی در ۱ ناحیه,ضربه‌خورده,https://divar.ir/v/%DB%B2%DB%B0%DB%B6-%D8%AA%DB%8C%D9%BE-%DB%B2/gaHNnYHX?tracker_session_id=1cfdfb1c-eaa5-4bd3-af04-1940f815e4dd_gaHNnYHX_N
پژو 206 تیپ ۲,۱۳۸۷ - ۲۰۰۸,۴۶۰,"۷۲۰,۰۰۰,۰۰۰ تومان",۱ ماه,دنده‌ای,تعمیر شده,سالم,خط و خش جزیی,سالم و پلمپ,https://divar.ir/v/%D9%81%D8%B1%D9%88%D8%B4-206/gaH5WHVN?tracker_session_id=1cfdfb1c-eaa5-4bd3-af04-1940f815e4dd_gaH5WHVN_N
پژو 206 تیپ ۲,۱۳۸۴ - ۲۰۰۵,۴۰۰۰۰۰,"۵۵۸,۰۰۰,۰۰۰ تومان",۸ ماه,دنده‌ای,,سالم,دوررنگ,سالم و پلمپ,https://divar.ir/v/206-%D8%AA%DB%8C%D9%BE-%DB%B2-%D9%85%D8%AF%D9%84-%DB%B8%DB%B4/gaHh2m7a?tracker_session_id=1cfdfb1c-eaa5-4bd3-af04-1940f815e4dd_gaHh2m7a_N
پژو 206 SD V8,۱۳۹۶ - ۲۰۱۷,۲۵۰,"۱,۱۲۰,۰۰۰,۰۰۰ تومان",,دنده‌ای,,سالم,سالم و بی‌خط و خش,تعیین‌نشده,https://divar.ir/v/206-sd-v8/gaGFLQ85?tracker_session_id=1cfdfb1c-eaa5-4bd3-af04-1940f815e4dd_gaGFLQ85_N
پژو 206 تیپ ۵,۱۳۹۳ - ۲۰۱۴,۲۰۰۰۰۰,"۱,۱۳۰,۰۰۰,۰۰۰ تومان",۶ ماه,دنده‌ای,سالم و پلمپ,سالم,سالم و بی‌خط و خش,سالم و پلمپ,https://divar.ir/v/206-%D8%AA%DB%8C%D9%BE-5%D8%A8%D8%AF%D9%88%D9%86-%D8%B1%D9%86%DA%AF-%D8%A7%D8%B3%D8%AA%D8%AB%D9%86%D8%A7%DB%8C%DB%8C/gaHxm3HK?tracker_session_id=1cfdfb1c-eaa5-4bd3-af04-1940f815e4dd_gaHxm3HK_N
پژو 206 تیپ ۲,۱۳۸۳ - ۲۰۰۴,۵۰۰۰۰۰,"۵۶۰,۰۰۰ تومان",,دنده‌ای,,نیاز به تعمیر,تمام‌رنگ,سالم و پلمپ,https://divar.ir/v/%D9%81%D8%B1%D9%88%D8%B4-206%D9%85%D8%AF%D9%84-83/gaHZ3_i5?tracker_session_id=1cfdfb1c-eaa5-4bd3-af04-1940f815e4dd_gaHZ3_i5_N
پژو 206 تیپ ۲,۱۳۹۶ - ۲۰۱۷,۲۰۰۰۰۰,"۱,۰۰۰,۰۰۰,۰۰۰ تومان",,دنده‌ای,,تعیین‌نشده,رنگ‌شدگی در ۱ ناحیه,تعیین‌نشده,https://divar.ir/v/%D9%81%D8%B1%D9%88%D8%B4-%D9%BE%DA%98%D9%88-%DB%B2%DB%B0%DB%B6-%D8%AA%DB%8C%D9%BE-%DB%B2%D9%85%D8%AF%D9%84-%DB%B1%DB%B3%DB%B9%DB%B6/gaHZ27Y8?tracker_session_id=1cfdfb1c-eaa5-4bd3-af04-1940f815e4dd_gaHZ27Y8_N
پژو 206 تیپ ۲,۱۳۹۱ - ۲۰۱۲,۱۸۶۰۰۰,"۶۵۰,۰۰۰,۰۰۰ تومان",۴ ماه,دنده‌ای,سالم و پلمپ,سالم,تمام‌رنگ,سالم و پلمپ,https://divar.ir/v/%DB%B2%DB%B0%DB%B6-%D8%AA%DB%8C%D9%BE-%DB%B2-%D9%85%D8%AF%D9%84-%DB%B9%DB%B1-%D9%81%D9%88%D9%84/gaDhJp2I?tracker_session_id=1cfdfb1c-eaa5-4bd3-af04-1940f815e4dd_gaDhJp2I_N
پژو 206 تیپ ۲,۱۳۸۶ - ۲۰۰۷,۲۹۰۰۰۰,"۷۵۰,۰۰۰,۰۰۰ تومان",۶ ماه,دنده‌ای,سالم و پلمپ,سالم,سالم و بی‌خط و خش,سالم و پلمپ,https://divar.ir/v/206%D8%A8%D8%AF%D9%88%D9%86-%D8%B1%D9%86%DA%AF/ga-IZpoq?tracker_session_id=1cfdfb1c-eaa5-4bd3-af04-1940f815e4dd_ga-IZpoq_N
پژو 206 تیپ ۲,۱۳۸۴ - ۲۰۰۵,۳۶۰۰۰۰,"۵۸۵,۰۰۰,۰۰۰ تومان",۱۲ ماه,دنده‌ای,سالم و پلمپ,سالم,خط و خش جزیی,رنگ‌شده,https://divar.ir/v/%DB%B2%DB%B0%DB%B6-%D8%AA%DB%8C%D9%BE%DB%B2%D9%85%D8%AF%D9%84%DB%B8%DB%B4-%D8%AF%D9%88%D8%B1%D9%87-%D8%B1%D9%86%DA%AF/gaB1SoQd?tracker_session_id=1cfdfb1c-eaa5-4bd3-af04-1940f815e4dd_gaB1SoQd_N
پژو 206 تیپ ۲,۱۳۸۱ - ۲۰۰۲,۵۰۰۰۰۰,"۵۵۵,۰۰۰,۰۰۰ تومان",۹ ماه,دنده‌ای,نیاز به تعمیر اساسی,نیاز به تعمیر,تصادفی,ضربه‌خورده,https://divar.ir/v/%DA%A9%D8%A7%D8%B1%D8%B4%D8%A7%D8%B3%DB%8C-%D9%81%D8%B1%D9%88%D8%B4%DB%8C-%D8%AE%D9%88%D8%B1%D8%AF%D9%88-%D8%AA%D8%B5%D8%A7%D8%AF%D9%81%DB%8C-%D8%AE%D8%B1%DB%8C%D8%AF%D8%A7%D8%B1%D8%B1/gaf0u4Kv?tracker_session_id=1cfdfb1c-eaa5-4bd3-af04-1940f815e4dd_gaf0u4Kv_N
پژو 206 تیپ ۳,۱۳۸۴ - ۲۰۰۵,۳۱۳۰۰۰,"۵۷۵,۰۰۰,۰۰۰ تومان",,دنده‌ای,,سالم,دوررنگ,سالم و پلمپ,https://divar.ir/v/206%D8%AA%DB%8C%D9%BE-3%D9%85%D8%AF%D9%8484/gaHZlWIR?tracker_session_id=1cfdfb1c-eaa5-4bd3-af04-1940f815e4dd_gaHZlWIR_N
پژو 206 تیپ ۲,۱۳۹۶ - ۲۰۱۷,۱۴۰۰۰۰,"۱,۰۹۵,۰۰۰,۰۰۰ تومان",۵ ماه,دنده‌ای,سالم و پلمپ,سالم,سالم و بی‌خط و خش,سالم و پلمپ,https://divar.ir/v/%DB%B2%DB%B0%DB%B6%D9%85%D8%AF%D9%84-%DB%B9%DB%B6%D8%AA%DB%8C%D9%BE-%D8%AF%D9%88/gaes5F4_?tracker_session_id=1cfdfb1c-eaa5-4bd3-af04-1940f815e4dd_gaes5F4__N
پژو 206 تیپ ۲,۱۳۹۷ - ۲۰۱۸,۱۱۲۰۰۰,"۱,۰۹۰,۰۰۰,۰۰۰ تومان",۶ ماه,دنده‌ای,سالم و پلمپ,سالم,سالم و بی‌خط و خش,سالم و پلمپ,https://divar.ir/v/%DB%B2%DB%B0%DB%B6-%D8%AA%DB%8C%D9%BE-%DB%B2-%D9%85%D8%AF%D9%84-%DB%B9%DB%B7-%D8%A8%DB%8C%D8%B1%D9%86%DA%AF-%DA%A9%D9%85-%DA%A9%D8%A7%D8%B1-%D8%AE%D8%A7%D9%86%DA%AF%DB%8C/gaG9CRu-?tracker_session_id=1cfdfb1c-eaa5-4bd3-af04-1940f815e4dd_gaG9CRu-_N
پژو 206 تیپ ۲,۱۳۹۵ - ۲۰۱۶,۱۵۰۰۰۰,"۹۸۰,۰۰۰,۰۰۰ تومان",۶ ماه,دنده‌ای,سالم و پلمپ,سالم,سالم و بی‌خط و خش,سالم و پلمپ,https://divar.ir/v/%DB%B2%DB%B0%DB%B6-%D8%AA%DB%8C%D9%BE-%DB%B2-%D9%85%D8%AF%D9%84-%DB%B9%DB%B5-%D8%AE%D8%A7%D9%86%DA%AF%DB%8C-%D8%B9%D8%B1%D9%88%D8%B3%DA%A9/gaDlcHJI?tracker_session_id=1cfdfb1c-eaa5-4bd3-af04-1940f815e4dd_gaDlcHJI_N
پژو 206 تیپ ۳,۱۳۸۸ - ۲۰۰۹,۲۲۵۰۰۰,"۸۱۰,۰۰۰,۰۰۰ تومان",۵ ماه,دنده‌ای,سالم و پلمپ,سالم,سالم و بی‌خط و خش,سالم و پلمپ,https://divar.ir/v/%D9%BE%DA%98%D9%88%DB%B2%DB%B0%DB%B6-%D8%AA%DB%8C%D9%BE-%DB%B2%D9%85%D8%AF%D9%84-%D8%A2%D8%AE%D8%B1%DB%B8%DB%B8-%D8%B9%D8%B1%D9%88%D8%B3%DA%A9-%D8%A8%D9%87-%D8%B4%D8%B1%D8%B7/gaG5dOXE?tracker_session_id=1cfdfb1c-eaa5-4bd3-af04-1940f815e4dd_gaG5dOXE_N
پژو 206 تیپ ۲,۱۳۹۰ - ۲۰۱۱,۲۱۵۰۰۰,"۸۲۰,۰۰۰,۰۰۰ تومان",۶ ماه,دنده‌ای,سالم و پلمپ,سالم,سالم و بی‌خط و خش,سالم و پلمپ,https://divar.ir/v/%D9%BE%DA%98%D9%88-206%D8%AA%DB%8C%D9%BE-2%D9%85%D8%AF%D9%84-90/gapYBjgp?tracker_session_id=1cfdfb1c-eaa5-4bd3-af04-1940f815e4dd_gapYBjgp_P
پژو 206 تیپ ۵,۱۳۹۸ - ۲۰۱۹,۱۰۵۰۰۰,"۱,۲۶۰,۰۰۰,۰۰۰ تومان",۸ ماه,دنده‌ای,سالم و پلمپ,سالم,خط و خش جزیی,سالم و پلمپ,https://divar.ir/v/%D9%BE%DA%98%D9%88-%DB%B2%DB%B0%DB%B6-%D8%AA%DB%8C%D9%BE-%DB%B5-%D8%B3%D9%81%DB%8C%D8%AF-%DB%B1%DB%B3%DB%B9%DB%B8/gaf0d5Sl?tracker_session_id=1cfdfb1c-eaa5-4bd3-af04-1940f815e4dd_gaf0d5Sl_N
پژو 206 تیپ ۲,۱۳۸۹ - ۲۰۱۰,۳۴۵۰۰۰,"۷۹۰,۰۰۰,۰۰۰ تومان",,دنده‌ای,سالم و پلمپ,تعیین‌نشده,رنگ‌شدگی در ۲ ناحیه,تعیین‌نشده,https://divar.ir/v/%DB%B2%DB%B0%DB%B6-%DB%B8%DB%B9-%D8%AA%D9%82%D9%88%DB%8C%D8%AA%DB%8C/gaHdmMIf?tracker_session_id=1cfdfb1c-eaa5-4bd3-af04-1940f815e4dd_gaHdmMIf_N
,,,,,,,,,,https://divar.ir/v/%D9%BE%DA%98%D9%88-%DB%B2%DB%B0%DB%B6-sd/gaH11DNP?tracker_session_id=1cfdfb1c-eaa5-4bd3-af04-1940f815e4dd_gaH11DNP_N
پژو 206 تیپ ۲,۱۳۸۳ - ۲۰۰۴,۲۵۰۰۰۰,"۵۳۵,۰۰۰,۰۰۰ تومان",۷ ماه,دنده‌ای,سالم و پلمپ,سالم,سالم و بی‌خط و خش,سالم و پلمپ,https://divar.ir/v/%D9%BE%DA%98%D9%88-%DB%B2%DB%B0%DB%B6-%D9%85%D8%AF%D9%84-%DB%B8%DB%B3/gaFJAYVx?tracker_session_id=1cfdfb1c-eaa5-4bd3-af04-1940f815e4dd_gaFJAYVx_N
,,,,,,,,,,https://divar.ir/v/%D8%A7%D8%B3-%D8%AF%DB%8C-%D9%85%D8%AF%D9%84-%DB%B9%DB%B0-%D9%88%DB%8C-%D9%87%D8%B4%D8%AA/gaHx1PP1?tracker_session_id=1cfdfb1c-eaa5-4bd3-af04-1940f815e4dd_gaHx1PP1_N
پژو 206 تیپ ۵,۱۳۹۸ - ۲۰۱۹,۱۸۰۰۰۰,"۱,۲۶۰,۰۰۰,۰۰۰ تومان",۵ ماه,دنده‌ای,سالم و پلمپ,سالم,سالم و بی‌خط و خش,سالم و پلمپ,https://divar.ir/v/%D8%AA%DB%8C%D9%BE%DB%B5-%D9%85%D8%AF%D9%84-%DB%B9%DB%B8206/gaHZG_-7?tracker_session_id=1cfdfb1c-eaa5-4bd3-af04-1940f815e4dd_gaHZG_-7_N
